/*********************************************************************
*                     SEGGER Microcontroller GmbH                    *
*        Solutions for real time microcontroller applications        *
*                           www.segger.com                           *
**********************************************************************
*                                                                    *
* C-file generated by                                                *
*                                                                    *
*        Font Converter (Demoversion) for emWin version 6.14         *
*        Compiled Jun  2 2020, 15:13:49                              *
*                                                                    *
*        (c) 1998 - 2019 Segger Microcontroller GmbH                 *
*                                                                    *
**********************************************************************
*                                                                    *
* Source file: LiberationSans32.c                                    *
* Font:        Liberation Sans                                       *
* Height:      32                                                    *
*                                                                    *
**********************************************************************
*                                                                    *
* Initial font height:  32                                           *
*                                                                    *
**********************************************************************
*                                                                    *
* Range disabled:       00A0 - 0100                                  *
* Character enabled:   0xD0 (208)                                    *
* Character enabled:   0xF0 (240)                                    *
* Character enabled:   0xF6 (246)                                    *
* Character enabled:   0xE7 (231)                                    *
* Character enabled:   0xD6 (214)                                    *
* Character enabled:   0xC7 (199)                                    *
* Character enabled:   0xDC (220)                                    *
* Character enabled:   0xDD (221)                                    *
* Character enabled:   0xDE (222)                                    *
* Character enabled:   0xFE (254)                                    *
* Character enabled:   0xFD (253)                                    *
* Character enabled:   0xFC (252)                                    *
*                                                                    *
**********************************************************************
  C-file modified by Font Converter (Demoversion) for emWin version 6.14: Dec 01 2020 at 10:37:05
*                                                                    *
* Character enabled:   0xC1 (193)                                    *
* Edit/Insert/Right     at character 0xC1 (193)                      *
* Edit/Insert/Right     at character 0xC1 (193)                      *
* Edit/Insert/Right     at character 0xC1 (193)                      *
* Edit/Insert/Right     at character 0xC1 (193)                      *
*                                                                    *
**********************************************************************
  C-file modified by Font Converter (Demoversion) for emWin version 6.14: Mar 11 2021 at 15:41:26
*/

#include "GUI.h"

#ifndef GUI_CONST_STORAGE
  #define GUI_CONST_STORAGE const
#endif

/* The following line needs to be included in any file selecting the
   font.
*/
extern GUI_CONST_STORAGE GUI_FONT GUI_FontLiberationSans32;

/* Start of unicode area <Basic Latin> */
static GUI_CONST_STORAGE unsigned char acGUI_FontLiberationSans32_0020[ 64] = { /* code 0020, SPACE */
  0x00, 0x00,
  0x00, 0x00,
  0x00, 0x00,
  0x00, 0x00,
  0x00, 0x00,
  0x00, 0x00,
  0x00, 0x00,
  0x00, 0x00,
  0x00, 0x00,
  0x00, 0x00,
  0x00, 0x00,
  0x00, 0x00,
  0x00, 0x00,
  0x00, 0x00,
  0x00, 0x00,
  0x00, 0x00,
  0x00, 0x00,
  0x00, 0x00,
  0x00, 0x00,
  0x00, 0x00,
  0x00, 0x00,
  0x00, 0x00,
  0x00, 0x00,
  0x00, 0x00,
  0x00, 0x00,
  0x00, 0x00,
  0x00, 0x00,
  0x00, 0x00,
  0x00, 0x00,
  0x00, 0x00,
  0x00, 0x00,
  0x00, 0x00
};

static GUI_CONST_STORAGE unsigned char acGUI_FontLiberationSans32_0021[ 96] = { /* code 0021, EXCLAMATION MARK */
  0x00, 0x00, 0x00,
  0x00, 0x00, 0x00,
  0x00, 0x00, 0x00,
  0x00, 0x00, 0x00,
  0x00, 0x00, 0x00,
  0x00, 0x00, 0x00,
  0x03, 0xE0, 0x00,
  0x03, 0xE0, 0x00,
  0x03, 0xE0, 0x00,
  0x03, 0xE0, 0x00,
  0x03, 0xE0, 0x00,
  0x03, 0xE0, 0x00,
  0x02, 0xD0, 0x00,
  0x02, 0xD0, 0x00,
  0x02, 0xD0, 0x00,
  0x02, 0xD0, 0x00,
  0x02, 0xD0, 0x00,
  0x02, 0xD0, 0x00,
  0x02, 0xD0, 0x00,
  0x02, 0xD0, 0x00,
  0x00, 0x00, 0x00,
  0x00, 0x00, 0x00,
  0x00, 0x00, 0x00,
  0x03, 0xE0, 0x00,
  0x03, 0xE0, 0x00,
  0x03, 0xE0, 0x00,
  0x00, 0x00, 0x00,
  0x00, 0x00, 0x00,
  0x00, 0x00, 0x00,
  0x00, 0x00, 0x00,
  0x00, 0x00, 0x00,
  0x00, 0x00, 0x00
};

static GUI_CONST_STORAGE unsigned char acGUI_FontLiberationSans32_0022[ 96] = { /* code 0022, QUOTATION MARK */
  0x00, 0x00, 0x00,
  0x00, 0x00, 0x00,
  0x00, 0x00, 0x00,
  0x00, 0x00, 0x00,
  0x00, 0x00, 0x00,
  0x00, 0x00, 0x00,
  0x2E, 0x0B, 0x80,
  0x2E, 0x0B, 0x80,
  0x2E, 0x0B, 0x80,
  0x2E, 0x07, 0x80,
  0x1D, 0x07, 0x80,
  0x1D, 0x07, 0x80,
  0x00, 0x00, 0x00,
  0x00, 0x00, 0x00,
  0x00, 0x00, 0x00,
  0x00, 0x00, 0x00,
  0x00, 0x00, 0x00,
  0x00, 0x00, 0x00,
  0x00, 0x00, 0x00,
  0x00, 0x00, 0x00,
  0x00, 0x00, 0x00,
  0x00, 0x00, 0x00,
  0x00, 0x00, 0x00,
  0x00, 0x00, 0x00,
  0x00, 0x00, 0x00,
  0x00, 0x00, 0x00,
  0x00, 0x00, 0x00,
  0x00, 0x00, 0x00,
  0x00, 0x00, 0x00,
  0x00, 0x00, 0x00,
  0x00, 0x00, 0x00,
  0x00, 0x00, 0x00
};

static GUI_CONST_STORAGE unsigned char acGUI_FontLiberationSans32_0023[128] = { /* code 0023, NUMBER SIGN */
  0x00, 0x00, 0x00, 0x00,
  0x00, 0x00, 0x00, 0x00,
  0x00, 0x00, 0x00, 0x00,
  0x00, 0x00, 0x00, 0x00,
  0x00, 0x00, 0x00, 0x00,
  0x00, 0x00, 0x00, 0x00,
  0x00, 0x0D, 0x00, 0x70,
  0x00, 0x1C, 0x00, 0xA0,
  0x00, 0x28, 0x00, 0xD0,
  0x00, 0x38, 0x01, 0xD0,
  0x00, 0x34, 0x01, 0xC0,
  0x3F, 0xFF, 0xFF, 0xFE,
  0x3F, 0xFF, 0xFF, 0xFE,
  0x00, 0xA0, 0x03, 0x40,
  0x00, 0xA0, 0x03, 0x40,
  0x00, 0xD0, 0x07, 0x00,
  0x00, 0xD0, 0x0B, 0x00,
  0x01, 0xC0, 0x0A, 0x00,
  0x02, 0xC0, 0x0E, 0x00,
  0xBF, 0xFF, 0xFF, 0xFC,
  0xBF, 0xFF, 0xFF, 0xFC,
  0x03, 0x40, 0x1C, 0x00,
  0x07, 0x00, 0x28, 0x00,
  0x0B, 0x00, 0x34, 0x00,
  0x0A, 0x00, 0x34, 0x00,
  0x0D, 0x00, 0x70, 0x00,
  0x00, 0x00, 0x00, 0x00,
  0x00, 0x00, 0x00, 0x00,
  0x00, 0x00, 0x00, 0x00,
  0x00, 0x00, 0x00, 0x00,
  0x00, 0x00, 0x00, 0x00,
  0x00, 0x00, 0x00, 0x00
};

static GUI_CONST_STORAGE unsigned char acGUI_FontLiberationSans32_0024[128] = { /* code 0024, DOLLAR SIGN */
  0x00, 0x00, 0x00, 0x00,
  0x00, 0x00, 0x00, 0x00,
  0x00, 0x00, 0x00, 0x00,
  0x00, 0x00, 0x00, 0x00,
  0x00, 0x02, 0xC0, 0x00,
  0x00, 0x02, 0xC0, 0x00,
  0x00, 0x7F, 0xFE, 0x00,
  0x07, 0xFF, 0xFF, 0xD0,
  0x0F, 0xD2, 0xC7, 0xF4,
  0x2F, 0x02, 0xC0, 0xF8,
  0x2E, 0x02, 0xC0, 0x78,
  0x2E, 0x02, 0xC0, 0x00,
  0x2F, 0x02, 0xC0, 0x00,
  0x0F, 0xD2, 0xC0, 0x00,
  0x07, 0xFF, 0xC0, 0x00,
  0x00, 0xBF, 0xFE, 0x00,
  0x00, 0x07, 0xFF, 0xE0,
  0x00, 0x02, 0xC7, 0xF8,
  0x00, 0x02, 0xC0, 0x7D,
  0x00, 0x02, 0xC0, 0x3D,
  0x04, 0x02, 0xC0, 0x2D,
  0x7C, 0x02, 0xC0, 0x3D,
  0x3E, 0x02, 0xC0, 0x7C,
  0x1F, 0xD2, 0xC2, 0xF8,
  0x0B, 0xFF, 0xFF, 0xE0,
  0x00, 0x7F, 0xFE, 0x00,
  0x00, 0x02, 0xC0, 0x00,
  0x00, 0x02, 0xC0, 0x00,
  0x00, 0x00, 0x00, 0x00,
  0x00, 0x00, 0x00, 0x00,
  0x00, 0x00, 0x00, 0x00,
  0x00, 0x00, 0x00, 0x00
};

static GUI_CONST_STORAGE unsigned char acGUI_FontLiberationSans32_0025[224] = { /* code 0025, PERCENT SIGN */
  0x00, 0x00, 0x00, 0x00, 0x00, 0x00, 0x00,
  0x00, 0x00, 0x00, 0x00, 0x00, 0x00, 0x00,
  0x00, 0x00, 0x00, 0x00, 0x00, 0x00, 0x00,
  0x00, 0x00, 0x00, 0x00, 0x00, 0x00, 0x00,
  0x00, 0x00, 0x00, 0x00, 0x00, 0x00, 0x00,
  0x00, 0x00, 0x00, 0x00, 0x00, 0x00, 0x00,
  0x02, 0xFE, 0x00, 0x00, 0x0B, 0x40, 0x00,
  0x0B, 0xEB, 0xC0, 0x00, 0x1E, 0x00, 0x00,
  0x1E, 0x01, 0xD0, 0x00, 0x3C, 0x00, 0x00,
  0x2D, 0x00, 0xE0, 0x00, 0xB4, 0x00, 0x00,
  0x2C, 0x00, 0xF0, 0x01, 0xE0, 0x00, 0x00,
  0x3C, 0x00, 0xF0, 0x03, 0xC0, 0x00, 0x00,
  0x3C, 0x00, 0xF0, 0x0B, 0x40, 0x00, 0x00,
  0x2C, 0x00, 0xF0, 0x1E, 0x00, 0x00, 0x00,
  0x2D, 0x01, 0xE0, 0x3C, 0x0B, 0xF8, 0x00,
  0x1E, 0x02, 0xD0, 0xB4, 0x3F, 0xBE, 0x00,
  0x0B, 0xEF, 0xC1, 0xE0, 0x78, 0x0B, 0x40,
  0x02, 0xFE, 0x03, 0xC0, 0xB0, 0x07, 0x80,
  0x00, 0x00, 0x0B, 0x40, 0xF0, 0x03, 0x80,
  0x00, 0x00, 0x1E, 0x00, 0xF0, 0x03, 0xC0,
  0x00, 0x00, 0x3C, 0x00, 0xF0, 0x03, 0xC0,
  0x00, 0x00, 0xB4, 0x00, 0xF0, 0x03, 0x80,
  0x00, 0x01, 0xE0, 0x00, 0xB0, 0x07, 0x80,
  0x00, 0x03, 0xC0, 0x00, 0x78, 0x0B, 0x40,
  0x00, 0x0B, 0x40, 0x00, 0x3F, 0xBE, 0x00,
  0x00, 0x1E, 0x00, 0x00, 0x0B, 0xF8, 0x00,
  0x00, 0x00, 0x00, 0x00, 0x00, 0x00, 0x00,
  0x00, 0x00, 0x00, 0x00, 0x00, 0x00, 0x00,
  0x00, 0x00, 0x00, 0x00, 0x00, 0x00, 0x00,
  0x00, 0x00, 0x00, 0x00, 0x00, 0x00, 0x00,
  0x00, 0x00, 0x00, 0x00, 0x00, 0x00, 0x00,
  0x00, 0x00, 0x00, 0x00, 0x00, 0x00, 0x00
};

static GUI_CONST_STORAGE unsigned char acGUI_FontLiberationSans32_0026[160] = { /* code 0026, AMPERSAND */
  0x00, 0x00, 0x00, 0x00, 0x00,
  0x00, 0x00, 0x00, 0x00, 0x00,
  0x00, 0x00, 0x00, 0x00, 0x00,
  0x00, 0x00, 0x00, 0x00, 0x00,
  0x00, 0x00, 0x00, 0x00, 0x00,
  0x00, 0x00, 0x00, 0x00, 0x00,
  0x00, 0x02, 0xFE, 0x00, 0x00,
  0x00, 0x1F, 0xFF, 0xD0, 0x00,
  0x00, 0x3D, 0x01, 0xF0, 0x00,
  0x00, 0x78, 0x00, 0xF0, 0x00,
  0x00, 0x78, 0x00, 0xF0, 0x00,
  0x00, 0x3C, 0x01, 0xF0, 0x00,
  0x00, 0x3C, 0x0B, 0xD0, 0x00,
  0x00, 0x2E, 0xBF, 0x00, 0x00,
  0x00, 0x1F, 0xF8, 0x00, 0x00,
  0x00, 0xFF, 0x80, 0x03, 0x40,
  0x03, 0xFB, 0xC0, 0x07, 0x80,
  0x0F, 0x82, 0xE0, 0x0B, 0x40,
  0x2F, 0x00, 0xF8, 0x0F, 0x00,
  0x2D, 0x00, 0x7D, 0x1E, 0x00,
  0x3D, 0x00, 0x2F, 0x7C, 0x00,
  0x3D, 0x00, 0x0B, 0xF8, 0x00,
  0x2E, 0x00, 0x03, 0xF4, 0x00,
  0x1F, 0xC0, 0x1F, 0xFD, 0x00,
  0x07, 0xFF, 0xFE, 0x7F, 0xF8,
  0x00, 0xBF, 0xE0, 0x0B, 0xF4,
  0x00, 0x00, 0x00, 0x00, 0x00,
  0x00, 0x00, 0x00, 0x00, 0x00,
  0x00, 0x00, 0x00, 0x00, 0x00,
  0x00, 0x00, 0x00, 0x00, 0x00,
  0x00, 0x00, 0x00, 0x00, 0x00,
  0x00, 0x00, 0x00, 0x00, 0x00
};

static GUI_CONST_STORAGE unsigned char acGUI_FontLiberationSans32_0027[ 64] = { /* code 0027, APOSTROPHE */
  0x00, 0x00,
  0x00, 0x00,
  0x00, 0x00,
  0x00, 0x00,
  0x00, 0x00,
  0x00, 0x00,
  0x1F, 0x00,
  0x1F, 0x00,
  0x1F, 0x00,
  0x0F, 0x00,
  0x0F, 0x00,
  0x0F, 0x00,
  0x00, 0x00,
  0x00, 0x00,
  0x00, 0x00,
  0x00, 0x00,
  0x00, 0x00,
  0x00, 0x00,
  0x00, 0x00,
  0x00, 0x00,
  0x00, 0x00,
  0x00, 0x00,
  0x00, 0x00,
  0x00, 0x00,
  0x00, 0x00,
  0x00, 0x00,
  0x00, 0x00,
  0x00, 0x00,
  0x00, 0x00,
  0x00, 0x00,
  0x00, 0x00,
  0x00, 0x00
};

static GUI_CONST_STORAGE unsigned char acGUI_FontLiberationSans32_0028[ 96] = { /* code 0028, LEFT PARENTHESIS */
  0x00, 0x00, 0x00,
  0x00, 0x00, 0x00,
  0x00, 0x00, 0x00,
  0x00, 0x00, 0x00,
  0x00, 0x00, 0x00,
  0x00, 0x03, 0xD0,
  0x00, 0x0F, 0x40,
  0x00, 0x2E, 0x00,
  0x00, 0x7C, 0x00,
  0x00, 0xF4, 0x00,
  0x01, 0xF0, 0x00,
  0x03, 0xE0, 0x00,
  0x07, 0xD0, 0x00,
  0x07, 0xC0, 0x00,
  0x0B, 0x80, 0x00,
  0x0F, 0x80, 0x00,
  0x0F, 0x40, 0x00,
  0x0F, 0x40, 0x00,
  0x0F, 0x40, 0x00,
  0x0F, 0x40, 0x00,
  0x0F, 0x40, 0x00,
  0x0F, 0x80, 0x00,
  0x0B, 0x80, 0x00,
  0x07, 0xC0, 0x00,
  0x07, 0xD0, 0x00,
  0x03, 0xE0, 0x00,
  0x01, 0xF0, 0x00,
  0x00, 0xF4, 0x00,
  0x00, 0x7C, 0x00,
  0x00, 0x2E, 0x00,
  0x00, 0x0F, 0x40,
  0x00, 0x03, 0xD0
};

static GUI_CONST_STORAGE unsigned char acGUI_FontLiberationSans32_0029[ 96] = { /* code 0029, RIGHT PARENTHESIS */
  0x00, 0x00, 0x00,
  0x00, 0x00, 0x00,
  0x00, 0x00, 0x00,
  0x00, 0x00, 0x00,
  0x00, 0x00, 0x00,
  0x7C, 0x00, 0x00,
  0x1F, 0x00, 0x00,
  0x0B, 0x80, 0x00,
  0x03, 0xD0, 0x00,
  0x01, 0xF0, 0x00,
  0x00, 0xF4, 0x00,
  0x00, 0xBC, 0x00,
  0x00, 0x7D, 0x00,
  0x00, 0x3D, 0x00,
  0x00, 0x2E, 0x00,
  0x00, 0x2F, 0x00,
  0x00, 0x1F, 0x00,
  0x00, 0x1F, 0x00,
  0x00, 0x1F, 0x00,
  0x00, 0x1F, 0x00,
  0x00, 0x1F, 0x00,
  0x00, 0x2F, 0x00,
  0x00, 0x2E, 0x00,
  0x00, 0x3D, 0x00,
  0x00, 0x7D, 0x00,
  0x00, 0xBC, 0x00,
  0x00, 0xF4, 0x00,
  0x01, 0xF0, 0x00,
  0x03, 0xD0, 0x00,
  0x0B, 0x80, 0x00,
  0x1F, 0x00, 0x00,
  0x7C, 0x00, 0x00
};

static GUI_CONST_STORAGE unsigned char acGUI_FontLiberationSans32_002A[ 96] = { /* code 002A, ASTERISK */
  0x00, 0x00, 0x00,
  0x00, 0x00, 0x00,
  0x00, 0x00, 0x00,
  0x00, 0x00, 0x00,
  0x00, 0x00, 0x00,
  0x00, 0x00, 0x00,
  0x00, 0x74, 0x00,
  0x00, 0x74, 0x00,
  0x00, 0x74, 0x00,
  0x3D, 0x35, 0xF4,
  0x7F, 0xFF, 0xF4,
  0x00, 0xFC, 0x00,
  0x01, 0xFD, 0x00,
  0x03, 0x8B, 0x00,
  0x0B, 0x47, 0x80,
  0x06, 0x02, 0x40,
  0x00, 0x00, 0x00,
  0x00, 0x00, 0x00,
  0x00, 0x00, 0x00,
  0x00, 0x00, 0x00,
  0x00, 0x00, 0x00,
  0x00, 0x00, 0x00,
  0x00, 0x00, 0x00,
  0x00, 0x00, 0x00,
  0x00, 0x00, 0x00,
  0x00, 0x00, 0x00,
  0x00, 0x00, 0x00,
  0x00, 0x00, 0x00,
  0x00, 0x00, 0x00,
  0x00, 0x00, 0x00,
  0x00, 0x00, 0x00,
  0x00, 0x00, 0x00
};

static GUI_CONST_STORAGE unsigned char acGUI_FontLiberationSans32_002B[160] = { /* code 002B, PLUS SIGN */
  0x00, 0x00, 0x00, 0x00, 0x00,
  0x00, 0x00, 0x00, 0x00, 0x00,
  0x00, 0x00, 0x00, 0x00, 0x00,
  0x00, 0x00, 0x00, 0x00, 0x00,
  0x00, 0x00, 0x00, 0x00, 0x00,
  0x00, 0x00, 0x00, 0x00, 0x00,
  0x00, 0x00, 0x00, 0x00, 0x00,
  0x00, 0x00, 0x00, 0x00, 0x00,
  0x00, 0x00, 0x00, 0x00, 0x00,
  0x00, 0x01, 0xD0, 0x00, 0x00,
  0x00, 0x01, 0xD0, 0x00, 0x00,
  0x00, 0x01, 0xD0, 0x00, 0x00,
  0x00, 0x01, 0xD0, 0x00, 0x00,
  0x00, 0x01, 0xD0, 0x00, 0x00,
  0x00, 0x01, 0xD0, 0x00, 0x00,
  0x1F, 0xFF, 0xFF, 0xFD, 0x00,
  0x1F, 0xFF, 0xFF, 0xFD, 0x00,
  0x00, 0x01, 0xD0, 0x00, 0x00,
  0x00, 0x01, 0xD0, 0x00, 0x00,
  0x00, 0x01, 0xD0, 0x00, 0x00,
  0x00, 0x01, 0xD0, 0x00, 0x00,
  0x00, 0x01, 0xD0, 0x00, 0x00,
  0x00, 0x01, 0xD0, 0x00, 0x00,
  0x00, 0x00, 0x00, 0x00, 0x00,
  0x00, 0x00, 0x00, 0x00, 0x00,
  0x00, 0x00, 0x00, 0x00, 0x00,
  0x00, 0x00, 0x00, 0x00, 0x00,
  0x00, 0x00, 0x00, 0x00, 0x00,
  0x00, 0x00, 0x00, 0x00, 0x00,
  0x00, 0x00, 0x00, 0x00, 0x00,
  0x00, 0x00, 0x00, 0x00, 0x00,
  0x00, 0x00, 0x00, 0x00, 0x00
};

static GUI_CONST_STORAGE unsigned char acGUI_FontLiberationSans32_002C[ 64] = { /* code 002C, COMMA */
  0x00, 0x00,
  0x00, 0x00,
  0x00, 0x00,
  0x00, 0x00,
  0x00, 0x00,
  0x00, 0x00,
  0x00, 0x00,
  0x00, 0x00,
  0x00, 0x00,
  0x00, 0x00,
  0x00, 0x00,
  0x00, 0x00,
  0x00, 0x00,
  0x00, 0x00,
  0x00, 0x00,
  0x00, 0x00,
  0x00, 0x00,
  0x00, 0x00,
  0x00, 0x00,
  0x00, 0x00,
  0x00, 0x00,
  0x00, 0x00,
  0x00, 0x00,
  0x07, 0xD0,
  0x07, 0xD0,
  0x07, 0xD0,
  0x00, 0xD0,
  0x01, 0xD0,
  0x02, 0xC0,
  0x03, 0x80,
  0x00, 0x00,
  0x00, 0x00
};

static GUI_CONST_STORAGE unsigned char acGUI_FontLiberationSans32_002D[ 96] = { /* code 002D, HYPHEN-MINUS */
  0x00, 0x00, 0x00,
  0x00, 0x00, 0x00,
  0x00, 0x00, 0x00,
  0x00, 0x00, 0x00,
  0x00, 0x00, 0x00,
  0x00, 0x00, 0x00,
  0x00, 0x00, 0x00,
  0x00, 0x00, 0x00,
  0x00, 0x00, 0x00,
  0x00, 0x00, 0x00,
  0x00, 0x00, 0x00,
  0x00, 0x00, 0x00,
  0x00, 0x00, 0x00,
  0x00, 0x00, 0x00,
  0x00, 0x00, 0x00,
  0x00, 0x00, 0x00,
  0x00, 0x00, 0x00,
  0x2F, 0xFF, 0x80,
  0x2F, 0xFF, 0x80,
  0x00, 0x00, 0x00,
  0x00, 0x00, 0x00,
  0x00, 0x00, 0x00,
  0x00, 0x00, 0x00,
  0x00, 0x00, 0x00,
  0x00, 0x00, 0x00,
  0x00, 0x00, 0x00,
  0x00, 0x00, 0x00,
  0x00, 0x00, 0x00,
  0x00, 0x00, 0x00,
  0x00, 0x00, 0x00,
  0x00, 0x00, 0x00,
  0x00, 0x00, 0x00
};

static GUI_CONST_STORAGE unsigned char acGUI_FontLiberationSans32_002E[ 64] = { /* code 002E, FULL STOP */
  0x00, 0x00,
  0x00, 0x00,
  0x00, 0x00,
  0x00, 0x00,
  0x00, 0x00,
  0x00, 0x00,
  0x00, 0x00,
  0x00, 0x00,
  0x00, 0x00,
  0x00, 0x00,
  0x00, 0x00,
  0x00, 0x00,
  0x00, 0x00,
  0x00, 0x00,
  0x00, 0x00,
  0x00, 0x00,
  0x00, 0x00,
  0x00, 0x00,
  0x00, 0x00,
  0x00, 0x00,
  0x00, 0x00,
  0x00, 0x00,
  0x00, 0x00,
  0x07, 0xD0,
  0x07, 0xD0,
  0x07, 0xD0,
  0x00, 0x00,
  0x00, 0x00,
  0x00, 0x00,
  0x00, 0x00,
  0x00, 0x00,
  0x00, 0x00
};

static GUI_CONST_STORAGE unsigned char acGUI_FontLiberationSans32_002F[ 64] = { /* code 002F, SOLIDUS */
  0x00, 0x00,
  0x00, 0x00,
  0x00, 0x00,
  0x00, 0x00,
  0x00, 0x00,
  0x00, 0x1E,
  0x00, 0x2E,
  0x00, 0x2D,
  0x00, 0x3C,
  0x00, 0x78,
  0x00, 0xB4,
  0x00, 0xF0,
  0x01, 0xF0,
  0x01, 0xE0,
  0x02, 0xD0,
  0x03, 0xC0,
  0x07, 0x80,
  0x0B, 0x80,
  0x0F, 0x40,
  0x0F, 0x00,
  0x1E, 0x00,
  0x2D, 0x00,
  0x3C, 0x00,
  0x7C, 0x00,
  0xB8, 0x00,
  0xB4, 0x00,
  0x00, 0x00,
  0x00, 0x00,
  0x00, 0x00,
  0x00, 0x00,
  0x00, 0x00,
  0x00, 0x00
};

static GUI_CONST_STORAGE unsigned char acGUI_FontLiberationSans32_0030[128] = { /* code 0030, DIGIT ZERO */
  0x00, 0x00, 0x00, 0x00,
  0x00, 0x00, 0x00, 0x00,
  0x00, 0x00, 0x00, 0x00,
  0x00, 0x00, 0x00, 0x00,
  0x00, 0x00, 0x00, 0x00,
  0x00, 0x00, 0x00, 0x00,
  0x00, 0x2F, 0xF8, 0x00,
  0x01, 0xFF, 0xFF, 0x40,
  0x03, 0xF4, 0x0F, 0xC0,
  0x0B, 0xC0, 0x03, 0xE0,
  0x0F, 0x40, 0x01, 0xF0,
  0x1F, 0x00, 0x00, 0xF4,
  0x2F, 0x00, 0x00, 0xF8,
  0x2E, 0x00, 0x00, 0xB8,
  0x2E, 0x00, 0x00, 0xB8,
  0x2E, 0x00, 0x00, 0xB8,
  0x2E, 0x00, 0x00, 0xB8,
  0x2E, 0x00, 0x00, 0xB8,
  0x2E, 0x00, 0x00, 0xB8,
  0x2F, 0x00, 0x00, 0xF8,
  0x1F, 0x00, 0x00, 0xF4,
  0x0F, 0x40, 0x01, 0xF0,
  0x0B, 0xC0, 0x03, 0xE0,
  0x03, 0xF4, 0x1F, 0xC0,
  0x01, 0xFF, 0xFF, 0x00,
  0x00, 0x2F, 0xF8, 0x00,
  0x00, 0x00, 0x00, 0x00,
  0x00, 0x00, 0x00, 0x00,
  0x00, 0x00, 0x00, 0x00,
  0x00, 0x00, 0x00, 0x00,
  0x00, 0x00, 0x00, 0x00,
  0x00, 0x00, 0x00, 0x00
};

static GUI_CONST_STORAGE unsigned char acGUI_FontLiberationSans32_0031[128] = { /* code 0031, DIGIT ONE */
  0x00, 0x00, 0x00, 0x00,
  0x00, 0x00, 0x00, 0x00,
  0x00, 0x00, 0x00, 0x00,
  0x00, 0x00, 0x00, 0x00,
  0x00, 0x00, 0x00, 0x00,
  0x00, 0x00, 0x00, 0x00,
  0x00, 0x03, 0xE0, 0x00,
  0x00, 0x1F, 0xE0, 0x00,
  0x00, 0xBF, 0xE0, 0x00,
  0x03, 0xE2, 0xE0, 0x00,
  0x07, 0x82, 0xE0, 0x00,
  0x01, 0x02, 0xE0, 0x00,
  0x00, 0x02, 0xE0, 0x00,
  0x00, 0x02, 0xE0, 0x00,
  0x00, 0x02, 0xE0, 0x00,
  0x00, 0x02, 0xE0, 0x00,
  0x00, 0x02, 0xE0, 0x00,
  0x00, 0x02, 0xE0, 0x00,
  0x00, 0x02, 0xE0, 0x00,
  0x00, 0x02, 0xE0, 0x00,
  0x00, 0x02, 0xE0, 0x00,
  0x00, 0x02, 0xE0, 0x00,
  0x00, 0x02, 0xE0, 0x00,
  0x00, 0x02, 0xE0, 0x00,
  0x0B, 0xFF, 0xFF, 0xF8,
  0x0B, 0xFF, 0xFF, 0xF8,
  0x00, 0x00, 0x00, 0x00,
  0x00, 0x00, 0x00, 0x00,
  0x00, 0x00, 0x00, 0x00,
  0x00, 0x00, 0x00, 0x00,
  0x00, 0x00, 0x00, 0x00,
  0x00, 0x00, 0x00, 0x00
};

static GUI_CONST_STORAGE unsigned char acGUI_FontLiberationSans32_0032[128] = { /* code 0032, DIGIT TWO */
  0x00, 0x00, 0x00, 0x00,
  0x00, 0x00, 0x00, 0x00,
  0x00, 0x00, 0x00, 0x00,
  0x00, 0x00, 0x00, 0x00,
  0x00, 0x00, 0x00, 0x00,
  0x00, 0x00, 0x00, 0x00,
  0x00, 0x2F, 0xF9, 0x00,
  0x01, 0xFF, 0xFF, 0x80,
  0x07, 0xF4, 0x0F, 0xD0,
  0x0F, 0x80, 0x02, 0xF0,
  0x1F, 0x40, 0x01, 0xF0,
  0x01, 0x00, 0x01, 0xF0,
  0x00, 0x00, 0x01, 0xF0,
  0x00, 0x00, 0x02, 0xE0,
  0x00, 0x00, 0x07, 0xD0,
  0x00, 0x00, 0x1F, 0x40,
  0x00, 0x00, 0x7E, 0x00,
  0x00, 0x02, 0xF4, 0x00,
  0x00, 0x0F, 0xD0, 0x00,
  0x00, 0x3F, 0x00, 0x00,
  0x00, 0xFC, 0x00, 0x00,
  0x03, 0xF0, 0x00, 0x00,
  0x0B, 0xC0, 0x00, 0x00,
  0x0F, 0x40, 0x00, 0x00,
  0x1F, 0xFF, 0xFF, 0xF4,
  0x1F, 0xFF, 0xFF, 0xF4,
  0x00, 0x00, 0x00, 0x00,
  0x00, 0x00, 0x00, 0x00,
  0x00, 0x00, 0x00, 0x00,
  0x00, 0x00, 0x00, 0x00,
  0x00, 0x00, 0x00, 0x00,
  0x00, 0x00, 0x00, 0x00
};

static GUI_CONST_STORAGE unsigned char acGUI_FontLiberationSans32_0033[128] = { /* code 0033, DIGIT THREE */
  0x00, 0x00, 0x00, 0x00,
  0x00, 0x00, 0x00, 0x00,
  0x00, 0x00, 0x00, 0x00,
  0x00, 0x00, 0x00, 0x00,
  0x00, 0x00, 0x00, 0x00,
  0x00, 0x00, 0x00, 0x00,
  0x00, 0x2F, 0xF8, 0x00,
  0x02, 0xFF, 0xFF, 0x80,
  0x0B, 0xE0, 0x1F, 0xD0,
  0x0F, 0x80, 0x03, 0xF0,
  0x1F, 0x00, 0x01, 0xF0,
  0x00, 0x00, 0x01, 0xF0,
  0x00, 0x00, 0x01, 0xF0,
  0x00, 0x00, 0x03, 0xE0,
  0x00, 0x00, 0x1F, 0xC0,
  0x00, 0x0F, 0xFE, 0x00,
  0x00, 0x0F, 0xFE, 0x00,
  0x00, 0x00, 0x1F, 0xD0,
  0x00, 0x00, 0x02, 0xF4,
  0x00, 0x00, 0x00, 0xF8,
  0x09, 0x00, 0x00, 0xF8,
  0x2F, 0x00, 0x00, 0xF8,
  0x1F, 0x40, 0x01, 0xF4,
  0x0B, 0xE0, 0x0B, 0xF0,
  0x03, 0xFF, 0xFF, 0xC0,
  0x00, 0x6F, 0xF9, 0x00,
  0x00, 0x00, 0x00, 0x00,
  0x00, 0x00, 0x00, 0x00,
  0x00, 0x00, 0x00, 0x00,
  0x00, 0x00, 0x00, 0x00,
  0x00, 0x00, 0x00, 0x00,
  0x00, 0x00, 0x00, 0x00
};

static GUI_CONST_STORAGE unsigned char acGUI_FontLiberationSans32_0034[128] = { /* code 0034, DIGIT FOUR */
  0x00, 0x00, 0x00, 0x00,
  0x00, 0x00, 0x00, 0x00,
  0x00, 0x00, 0x00, 0x00,
  0x00, 0x00, 0x00, 0x00,
  0x00, 0x00, 0x00, 0x00,
  0x00, 0x00, 0x00, 0x00,
  0x00, 0x00, 0x2F, 0x40,
  0x00, 0x00, 0x7F, 0x40,
  0x00, 0x00, 0xFF, 0x40,
  0x00, 0x02, 0xEF, 0x40,
  0x00, 0x07, 0xCF, 0x40,
  0x00, 0x0F, 0x4F, 0x40,
  0x00, 0x2E, 0x0F, 0x40,
  0x00, 0x7C, 0x0F, 0x40,
  0x00, 0xF0, 0x0F, 0x40,
  0x02, 0xD0, 0x0F, 0x40,
  0x07, 0x80, 0x0F, 0x40,
  0x0F, 0x00, 0x0F, 0x40,
  0x3D, 0x00, 0x0F, 0x40,
  0x7F, 0xFF, 0xFF, 0xFC,
  0x7F, 0xFF, 0xFF, 0xFC,
  0x00, 0x00, 0x0F, 0x40,
  0x00, 0x00, 0x0F, 0x40,
  0x00, 0x00, 0x0F, 0x40,
  0x00, 0x00, 0x0F, 0x40,
  0x00, 0x00, 0x0F, 0x40,
  0x00, 0x00, 0x00, 0x00,
  0x00, 0x00, 0x00, 0x00,
  0x00, 0x00, 0x00, 0x00,
  0x00, 0x00, 0x00, 0x00,
  0x00, 0x00, 0x00, 0x00,
  0x00, 0x00, 0x00, 0x00
};

static GUI_CONST_STORAGE unsigned char acGUI_FontLiberationSans32_0035[128] = { /* code 0035, DIGIT FIVE */
  0x00, 0x00, 0x00, 0x00,
  0x00, 0x00, 0x00, 0x00,
  0x00, 0x00, 0x00, 0x00,
  0x00, 0x00, 0x00, 0x00,
  0x00, 0x00, 0x00, 0x00,
  0x00, 0x00, 0x00, 0x00,
  0x0B, 0xFF, 0xFF, 0xE0,
  0x0B, 0xFF, 0xFF, 0xE0,
  0x0B, 0x80, 0x00, 0x00,
  0x0B, 0x80, 0x00, 0x00,
  0x0B, 0x80, 0x00, 0x00,
  0x0F, 0x40, 0x00, 0x00,
  0x0F, 0x40, 0x00, 0x00,
  0x0F, 0x5F, 0xF9, 0x00,
  0x0F, 0xFF, 0xFF, 0x80,
  0x0F, 0xE0, 0x0F, 0xE0,
  0x0A, 0x00, 0x02, 0xF4,
  0x00, 0x00, 0x00, 0xF8,
  0x00, 0x00, 0x00, 0xB8,
  0x00, 0x00, 0x00, 0xB8,
  0x00, 0x00, 0x00, 0xF8,
  0x2E, 0x00, 0x00, 0xF4,
  0x1F, 0x40, 0x02, 0xF0,
  0x0F, 0xE0, 0x1F, 0xD0,
  0x03, 0xFF, 0xFF, 0x80,
  0x00, 0x6F, 0xF8, 0x00,
  0x00, 0x00, 0x00, 0x00,
  0x00, 0x00, 0x00, 0x00,
  0x00, 0x00, 0x00, 0x00,
  0x00, 0x00, 0x00, 0x00,
  0x00, 0x00, 0x00, 0x00,
  0x00, 0x00, 0x00, 0x00
};

static GUI_CONST_STORAGE unsigned char acGUI_FontLiberationSans32_0036[128] = { /* code 0036, DIGIT SIX */
  0x00, 0x00, 0x00, 0x00,
  0x00, 0x00, 0x00, 0x00,
  0x00, 0x00, 0x00, 0x00,
  0x00, 0x00, 0x00, 0x00,
  0x00, 0x00, 0x00, 0x00,
  0x00, 0x00, 0x00, 0x00,
  0x00, 0x1B, 0xF9, 0x00,
  0x00, 0xBF, 0xFF, 0x80,
  0x01, 0xF8, 0x0B, 0xD0,
  0x03, 0xD0, 0x02, 0xF0,
  0x0B, 0x80, 0x00, 0x00,
  0x0F, 0x40, 0x00, 0x00,
  0x0F, 0x40, 0x00, 0x00,
  0x1F, 0x0B, 0xFD, 0x00,
  0x1F, 0x7F, 0xFF, 0xC0,
  0x1F, 0xF0, 0x0B, 0xE0,
  0x1F, 0x80, 0x02, 0xF4,
  0x1F, 0x40, 0x00, 0xF4,
  0x1F, 0x40, 0x00, 0xB8,
  0x1F, 0x40, 0x00, 0xB8,
  0x0F, 0x40, 0x00, 0xF8,
  0x0B, 0x80, 0x00, 0xF4,
  0x07, 0xD0, 0x02, 0xF0,
  0x02, 0xF4, 0x0B, 0xE0,
  0x00, 0xFF, 0xFF, 0x80,
  0x00, 0x1F, 0xF9, 0x00,
  0x00, 0x00, 0x00, 0x00,
  0x00, 0x00, 0x00, 0x00,
  0x00, 0x00, 0x00, 0x00,
  0x00, 0x00, 0x00, 0x00,
  0x00, 0x00, 0x00, 0x00,
  0x00, 0x00, 0x00, 0x00
};

static GUI_CONST_STORAGE unsigned char acGUI_FontLiberationSans32_0037[128] = { /* code 0037, DIGIT SEVEN */
  0x00, 0x00, 0x00, 0x00,
  0x00, 0x00, 0x00, 0x00,
  0x00, 0x00, 0x00, 0x00,
  0x00, 0x00, 0x00, 0x00,
  0x00, 0x00, 0x00, 0x00,
  0x00, 0x00, 0x00, 0x00,
  0x1F, 0xFF, 0xFF, 0xF4,
  0x1F, 0xFF, 0xFF, 0xF4,
  0x00, 0x00, 0x01, 0xF4,
  0x00, 0x00, 0x02, 0xE0,
  0x00, 0x00, 0x07, 0xC0,
  0x00, 0x00, 0x0F, 0x40,
  0x00, 0x00, 0x2E, 0x00,
  0x00, 0x00, 0x3D, 0x00,
  0x00, 0x00, 0xB8, 0x00,
  0x00, 0x00, 0xF4, 0x00,
  0x00, 0x02, 0xE0, 0x00,
  0x00, 0x03, 0xD0, 0x00,
  0x00, 0x07, 0xC0, 0x00,
  0x00, 0x0B, 0x80, 0x00,
  0x00, 0x0F, 0x40, 0x00,
  0x00, 0x1F, 0x00, 0x00,
  0x00, 0x1F, 0x00, 0x00,
  0x00, 0x2F, 0x00, 0x00,
  0x00, 0x2E, 0x00, 0x00,
  0x00, 0x2E, 0x00, 0x00,
  0x00, 0x00, 0x00, 0x00,
  0x00, 0x00, 0x00, 0x00,
  0x00, 0x00, 0x00, 0x00,
  0x00, 0x00, 0x00, 0x00,
  0x00, 0x00, 0x00, 0x00,
  0x00, 0x00, 0x00, 0x00
};

static GUI_CONST_STORAGE unsigned char acGUI_FontLiberationSans32_0038[128] = { /* code 0038, DIGIT EIGHT */
  0x00, 0x00, 0x00, 0x00,
  0x00, 0x00, 0x00, 0x00,
  0x00, 0x00, 0x00, 0x00,
  0x00, 0x00, 0x00, 0x00,
  0x00, 0x00, 0x00, 0x00,
  0x00, 0x00, 0x00, 0x00,
  0x00, 0x2F, 0xF8, 0x00,
  0x02, 0xFF, 0xFF, 0x80,
  0x07, 0xE0, 0x0B, 0xD0,
  0x0F, 0x80, 0x02, 0xF0,
  0x0F, 0x40, 0x01, 0xF0,
  0x1F, 0x40, 0x01, 0xF4,
  0x0F, 0x40, 0x01, 0xF0,
  0x0B, 0x80, 0x02, 0xE0,
  0x03, 0xE0, 0x0B, 0xC0,
  0x00, 0xBF, 0xFE, 0x00,
  0x01, 0xFF, 0xFF, 0x40,
  0x0B, 0xD0, 0x07, 0xE0,
  0x1F, 0x40, 0x01, 0xF4,
  0x2F, 0x00, 0x00, 0xF8,
  0x2E, 0x00, 0x00, 0xB8,
  0x2F, 0x00, 0x00, 0xF8,
  0x1F, 0x40, 0x01, 0xF4,
  0x0F, 0xD0, 0x07, 0xF0,
  0x03, 0xFF, 0xFF, 0xC0,
  0x00, 0x6F, 0xF9, 0x00,
  0x00, 0x00, 0x00, 0x00,
  0x00, 0x00, 0x00, 0x00,
  0x00, 0x00, 0x00, 0x00,
  0x00, 0x00, 0x00, 0x00,
  0x00, 0x00, 0x00, 0x00,
  0x00, 0x00, 0x00, 0x00
};

static GUI_CONST_STORAGE unsigned char acGUI_FontLiberationSans32_0039[128] = { /* code 0039, DIGIT NINE */
  0x00, 0x00, 0x00, 0x00,
  0x00, 0x00, 0x00, 0x00,
  0x00, 0x00, 0x00, 0x00,
  0x00, 0x00, 0x00, 0x00,
  0x00, 0x00, 0x00, 0x00,
  0x00, 0x00, 0x00, 0x00,
  0x00, 0x2F, 0xF4, 0x00,
  0x02, 0xFF, 0xFF, 0x00,
  0x07, 0xF0, 0x1F, 0xC0,
  0x0F, 0x80, 0x03, 0xD0,
  0x1F, 0x40, 0x02, 0xF0,
  0x2F, 0x00, 0x01, 0xF0,
  0x2F, 0x00, 0x00, 0xF4,
  0x2F, 0x00, 0x00, 0xF4,
  0x1F, 0x40, 0x01, 0xF8,
  0x0F, 0x80, 0x02, 0xF8,
  0x0B, 0xE0, 0x1F, 0xF8,
  0x02, 0xFF, 0xFD, 0xF4,
  0x00, 0x7F, 0xE0, 0xF4,
  0x00, 0x00, 0x00, 0xF4,
  0x00, 0x00, 0x01, 0xF0,
  0x01, 0x00, 0x02, 0xE0,
  0x0F, 0x80, 0x07, 0xD0,
  0x07, 0xE0, 0x2F, 0x80,
  0x02, 0xFF, 0xFE, 0x00,
  0x00, 0x7F, 0xE4, 0x00,
  0x00, 0x00, 0x00, 0x00,
  0x00, 0x00, 0x00, 0x00,
  0x00, 0x00, 0x00, 0x00,
  0x00, 0x00, 0x00, 0x00,
  0x00, 0x00, 0x00, 0x00,
  0x00, 0x00, 0x00, 0x00
};

static GUI_CONST_STORAGE unsigned char acGUI_FontLiberationSans32_003A[ 64] = { /* code 003A, COLON */
  0x00, 0x00,
  0x00, 0x00,
  0x00, 0x00,
  0x00, 0x00,
  0x00, 0x00,
  0x00, 0x00,
  0x00, 0x00,
  0x00, 0x00,
  0x00, 0x00,
  0x00, 0x00,
  0x07, 0xD0,
  0x07, 0xD0,
  0x07, 0xD0,
  0x00, 0x00,
  0x00, 0x00,
  0x00, 0x00,
  0x00, 0x00,
  0x00, 0x00,
  0x00, 0x00,
  0x00, 0x00,
  0x00, 0x00,
  0x00, 0x00,
  0x00, 0x00,
  0x07, 0xD0,
  0x07, 0xD0,
  0x07, 0xD0,
  0x00, 0x00,
  0x00, 0x00,
  0x00, 0x00,
  0x00, 0x00,
  0x00, 0x00,
  0x00, 0x00
};

static GUI_CONST_STORAGE unsigned char acGUI_FontLiberationSans32_003B[ 64] = { /* code 003B, SEMICOLON */
  0x00, 0x00,
  0x00, 0x00,
  0x00, 0x00,
  0x00, 0x00,
  0x00, 0x00,
  0x00, 0x00,
  0x00, 0x00,
  0x00, 0x00,
  0x00, 0x00,
  0x00, 0x00,
  0x07, 0xD0,
  0x07, 0xD0,
  0x07, 0xD0,
  0x00, 0x00,
  0x00, 0x00,
  0x00, 0x00,
  0x00, 0x00,
  0x00, 0x00,
  0x00, 0x00,
  0x00, 0x00,
  0x00, 0x00,
  0x00, 0x00,
  0x00, 0x00,
  0x07, 0xD0,
  0x07, 0xD0,
  0x07, 0xD0,
  0x00, 0xD0,
  0x01, 0xD0,
  0x02, 0xC0,
  0x03, 0x80,
  0x00, 0x00,
  0x00, 0x00
};

static GUI_CONST_STORAGE unsigned char acGUI_FontLiberationSans32_003C[160] = { /* code 003C, LESS-THAN SIGN */
  0x00, 0x00, 0x00, 0x00, 0x00,
  0x00, 0x00, 0x00, 0x00, 0x00,
  0x00, 0x00, 0x00, 0x00, 0x00,
  0x00, 0x00, 0x00, 0x00, 0x00,
  0x00, 0x00, 0x00, 0x00, 0x00,
  0x00, 0x00, 0x00, 0x00, 0x00,
  0x00, 0x00, 0x00, 0x00, 0x00,
  0x00, 0x00, 0x00, 0x00, 0x00,
  0x00, 0x00, 0x00, 0x00, 0x00,
  0x00, 0x00, 0x00, 0x09, 0x00,
  0x00, 0x00, 0x00, 0xBD, 0x00,
  0x00, 0x00, 0x1F, 0xF8, 0x00,
  0x00, 0x02, 0xFF, 0x40, 0x00,
  0x00, 0x2F, 0xF4, 0x00, 0x00,
  0x07, 0xFE, 0x00, 0x00, 0x00,
  0x1F, 0xE0, 0x00, 0x00, 0x00,
  0x1E, 0x00, 0x00, 0x00, 0x00,
  0x1F, 0xE0, 0x00, 0x00, 0x00,
  0x07, 0xFE, 0x00, 0x00, 0x00,
  0x00, 0x2F, 0xF4, 0x00, 0x00,
  0x00, 0x02, 0xFF, 0x40, 0x00,
  0x00, 0x00, 0x1F, 0xF8, 0x00,
  0x00, 0x00, 0x00, 0xBD, 0x00,
  0x00, 0x00, 0x00, 0x09, 0x00,
  0x00, 0x00, 0x00, 0x00, 0x00,
  0x00, 0x00, 0x00, 0x00, 0x00,
  0x00, 0x00, 0x00, 0x00, 0x00,
  0x00, 0x00, 0x00, 0x00, 0x00,
  0x00, 0x00, 0x00, 0x00, 0x00,
  0x00, 0x00, 0x00, 0x00, 0x00,
  0x00, 0x00, 0x00, 0x00, 0x00,
  0x00, 0x00, 0x00, 0x00, 0x00
};

static GUI_CONST_STORAGE unsigned char acGUI_FontLiberationSans32_003D[160] = { /* code 003D, EQUALS SIGN */
  0x00, 0x00, 0x00, 0x00, 0x00,
  0x00, 0x00, 0x00, 0x00, 0x00,
  0x00, 0x00, 0x00, 0x00, 0x00,
  0x00, 0x00, 0x00, 0x00, 0x00,
  0x00, 0x00, 0x00, 0x00, 0x00,
  0x00, 0x00, 0x00, 0x00, 0x00,
  0x00, 0x00, 0x00, 0x00, 0x00,
  0x00, 0x00, 0x00, 0x00, 0x00,
  0x00, 0x00, 0x00, 0x00, 0x00,
  0x00, 0x00, 0x00, 0x00, 0x00,
  0x00, 0x00, 0x00, 0x00, 0x00,
  0x00, 0x00, 0x00, 0x00, 0x00,
  0x1F, 0xFF, 0xFF, 0xFD, 0x00,
  0x1F, 0xFF, 0xFF, 0xFD, 0x00,
  0x00, 0x00, 0x00, 0x00, 0x00,
  0x00, 0x00, 0x00, 0x00, 0x00,
  0x00, 0x00, 0x00, 0x00, 0x00,
  0x00, 0x00, 0x00, 0x00, 0x00,
  0x00, 0x00, 0x00, 0x00, 0x00,
  0x1F, 0xFF, 0xFF, 0xFD, 0x00,
  0x1F, 0xFF, 0xFF, 0xFD, 0x00,
  0x00, 0x00, 0x00, 0x00, 0x00,
  0x00, 0x00, 0x00, 0x00, 0x00,
  0x00, 0x00, 0x00, 0x00, 0x00,
  0x00, 0x00, 0x00, 0x00, 0x00,
  0x00, 0x00, 0x00, 0x00, 0x00,
  0x00, 0x00, 0x00, 0x00, 0x00,
  0x00, 0x00, 0x00, 0x00, 0x00,
  0x00, 0x00, 0x00, 0x00, 0x00,
  0x00, 0x00, 0x00, 0x00, 0x00,
  0x00, 0x00, 0x00, 0x00, 0x00,
  0x00, 0x00, 0x00, 0x00, 0x00
};

static GUI_CONST_STORAGE unsigned char acGUI_FontLiberationSans32_003E[160] = { /* code 003E, GREATER-THAN SIGN */
  0x00, 0x00, 0x00, 0x00, 0x00,
  0x00, 0x00, 0x00, 0x00, 0x00,
  0x00, 0x00, 0x00, 0x00, 0x00,
  0x00, 0x00, 0x00, 0x00, 0x00,
  0x00, 0x00, 0x00, 0x00, 0x00,
  0x00, 0x00, 0x00, 0x00, 0x00,
  0x00, 0x00, 0x00, 0x00, 0x00,
  0x00, 0x00, 0x00, 0x00, 0x00,
  0x00, 0x00, 0x00, 0x00, 0x00,
  0x18, 0x00, 0x00, 0x00, 0x00,
  0x1F, 0x80, 0x00, 0x00, 0x00,
  0x0B, 0xFD, 0x00, 0x00, 0x00,
  0x00, 0x7F, 0xE0, 0x00, 0x00,
  0x00, 0x07, 0xFE, 0x00, 0x00,
  0x00, 0x00, 0x2F, 0xF4, 0x00,
  0x00, 0x00, 0x02, 0xFD, 0x00,
  0x00, 0x00, 0x00, 0x2D, 0x00,
  0x00, 0x00, 0x02, 0xFD, 0x00,
  0x00, 0x00, 0x2F, 0xF4, 0x00,
  0x00, 0x07, 0xFE, 0x00, 0x00,
  0x00, 0x7F, 0xE0, 0x00, 0x00,
  0x0B, 0xFD, 0x00, 0x00, 0x00,
  0x1F, 0x80, 0x00, 0x00, 0x00,
  0x18, 0x00, 0x00, 0x00, 0x00,
  0x00, 0x00, 0x00, 0x00, 0x00,
  0x00, 0x00, 0x00, 0x00, 0x00,
  0x00, 0x00, 0x00, 0x00, 0x00,
  0x00, 0x00, 0x00, 0x00, 0x00,
  0x00, 0x00, 0x00, 0x00, 0x00,
  0x00, 0x00, 0x00, 0x00, 0x00,
  0x00, 0x00, 0x00, 0x00, 0x00,
  0x00, 0x00, 0x00, 0x00, 0x00
};

static GUI_CONST_STORAGE unsigned char acGUI_FontLiberationSans32_003F[128] = { /* code 003F, QUESTION MARK */
  0x00, 0x00, 0x00, 0x00,
  0x00, 0x00, 0x00, 0x00,
  0x00, 0x00, 0x00, 0x00,
  0x00, 0x00, 0x00, 0x00,
  0x00, 0x00, 0x00, 0x00,
  0x00, 0x00, 0x00, 0x00,
  0x00, 0x2F, 0xFD, 0x00,
  0x02, 0xFF, 0xFF, 0xD0,
  0x07, 0xF4, 0x1B, 0xF0,
  0x0F, 0x80, 0x01, 0xF8,
  0x1F, 0x00, 0x00, 0xB8,
  0x2E, 0x00, 0x00, 0xBC,
  0x00, 0x00, 0x00, 0xB8,
  0x00, 0x00, 0x01, 0xF4,
  0x00, 0x00, 0x07, 0xE0,
  0x00, 0x00, 0x2F, 0x80,
  0x00, 0x00, 0xFD, 0x00,
  0x00, 0x03, 0xF0, 0x00,
  0x00, 0x07, 0xC0, 0x00,
  0x00, 0x0B, 0x80, 0x00,
  0x00, 0x00, 0x00, 0x00,
  0x00, 0x00, 0x00, 0x00,
  0x00, 0x00, 0x00, 0x00,
  0x00, 0x0B, 0xC0, 0x00,
  0x00, 0x0B, 0xC0, 0x00,
  0x00, 0x0B, 0xC0, 0x00,
  0x00, 0x00, 0x00, 0x00,
  0x00, 0x00, 0x00, 0x00,
  0x00, 0x00, 0x00, 0x00,
  0x00, 0x00, 0x00, 0x00,
  0x00, 0x00, 0x00, 0x00,
  0x00, 0x00, 0x00, 0x00
};

static GUI_CONST_STORAGE unsigned char acGUI_FontLiberationSans32_0040[256] = { /* code 0040, COMMERCIAL AT */
  0x00, 0x00, 0x00, 0x00, 0x00, 0x00, 0x00, 0x00,
  0x00, 0x00, 0x00, 0x00, 0x00, 0x00, 0x00, 0x00,
  0x00, 0x00, 0x00, 0x00, 0x00, 0x00, 0x00, 0x00,
  0x00, 0x00, 0x00, 0x00, 0x00, 0x00, 0x00, 0x00,
  0x00, 0x00, 0x00, 0x00, 0x00, 0x00, 0x00, 0x00,
  0x00, 0x00, 0x01, 0xBF, 0xF9, 0x00, 0x00, 0x00,
  0x00, 0x00, 0x2F, 0xFF, 0xFF, 0xE0, 0x00, 0x00,
  0x00, 0x01, 0xFD, 0x00, 0x01, 0xFD, 0x00, 0x00,
  0x00, 0x07, 0xD0, 0x00, 0x00, 0x1F, 0x00, 0x00,
  0x00, 0x1F, 0x00, 0x00, 0x00, 0x07, 0xC0, 0x00,
  0x00, 0x3C, 0x00, 0xBF, 0x81, 0x92, 0xD0, 0x00,
  0x00, 0xB4, 0x07, 0xFF, 0xF3, 0xD0, 0xE0, 0x00,
  0x01, 0xE0, 0x1F, 0x40, 0x7F, 0xC0, 0xB0, 0x00,
  0x02, 0xD0, 0x3D, 0x00, 0x1F, 0x80, 0x74, 0x00,
  0x03, 0xC0, 0x7C, 0x00, 0x0F, 0x80, 0x74, 0x00,
  0x07, 0x80, 0xB4, 0x00, 0x0F, 0x40, 0x74, 0x00,
  0x07, 0x40, 0xF0, 0x00, 0x0F, 0x00, 0x74, 0x00,
  0x0B, 0x41, 0xF0, 0x00, 0x1F, 0x00, 0x74, 0x00,
  0x0B, 0x41, 0xE0, 0x00, 0x1E, 0x00, 0xB4, 0x00,
  0x0B, 0x41, 0xE0, 0x00, 0x3E, 0x00, 0xF0, 0x00,
  0x0B, 0x41, 0xF0, 0x00, 0x7D, 0x01, 0xE0, 0x00,
  0x07, 0x40, 0xF4, 0x00, 0xFD, 0x02, 0xD0, 0x00,
  0x07, 0x80, 0xB8, 0x07, 0xAD, 0x0B, 0x80, 0x00,
  0x03, 0xC0, 0x3F, 0xFE, 0x1F, 0xFE, 0x00, 0x00,
  0x01, 0xE0, 0x0F, 0xF4, 0x0B, 0xF4, 0x00, 0x00,
  0x00, 0xF4, 0x00, 0x00, 0x00, 0x00, 0x00, 0x00,
  0x00, 0x7E, 0x00, 0x00, 0x00, 0x70, 0x00, 0x00,
  0x00, 0x1F, 0xD0, 0x00, 0x1B, 0xF4, 0x00, 0x00,
  0x00, 0x02, 0xFF, 0xFF, 0xFF, 0x40, 0x00, 0x00,
  0x00, 0x00, 0x1B, 0xFF, 0x90, 0x00, 0x00, 0x00,
  0x00, 0x00, 0x00, 0x00, 0x00, 0x00, 0x00, 0x00,
  0x00, 0x00, 0x00, 0x00, 0x00, 0x00, 0x00, 0x00
};

static GUI_CONST_STORAGE unsigned char acGUI_FontLiberationSans32_0041[160] = { /* code 0041, LATIN CAPITAL LETTER A */
  0x00, 0x00, 0x00, 0x00, 0x00,
  0x00, 0x00, 0x00, 0x00, 0x00,
  0x00, 0x00, 0x00, 0x00, 0x00,
  0x00, 0x00, 0x00, 0x00, 0x00,
  0x00, 0x00, 0x00, 0x00, 0x00,
  0x00, 0x00, 0x00, 0x00, 0x00,
  0x00, 0x00, 0xFD, 0x00, 0x00,
  0x00, 0x01, 0xFE, 0x00, 0x00,
  0x00, 0x03, 0xEF, 0x00, 0x00,
  0x00, 0x07, 0xDF, 0x40, 0x00,
  0x00, 0x0B, 0x8B, 0x80, 0x00,
  0x00, 0x0F, 0x47, 0xD0, 0x00,
  0x00, 0x1F, 0x02, 0xE0, 0x00,
  0x00, 0x3E, 0x01, 0xF0, 0x00,
  0x00, 0x7D, 0x00, 0xF4, 0x00,
  0x00, 0xB8, 0x00, 0xB8, 0x00,
  0x00, 0xF4, 0x00, 0x7C, 0x00,
  0x01, 0xF0, 0x00, 0x3E, 0x00,
  0x03, 0xFF, 0xFF, 0xFF, 0x00,
  0x07, 0xFF, 0xFF, 0xFF, 0x40,
  0x0B, 0xC0, 0x00, 0x0B, 0x80,
  0x0F, 0x40, 0x00, 0x07, 0xC0,
  0x1F, 0x00, 0x00, 0x03, 0xE0,
  0x3E, 0x00, 0x00, 0x02, 0xF0,
  0x7D, 0x00, 0x00, 0x01, 0xF4,
  0xBC, 0x00, 0x00, 0x00, 0xF8,
  0x00, 0x00, 0x00, 0x00, 0x00,
  0x00, 0x00, 0x00, 0x00, 0x00,
  0x00, 0x00, 0x00, 0x00, 0x00,
  0x00, 0x00, 0x00, 0x00, 0x00,
  0x00, 0x00, 0x00, 0x00, 0x00,
  0x00, 0x00, 0x00, 0x00, 0x00
};

static GUI_CONST_STORAGE unsigned char acGUI_FontLiberationSans32_0042[160] = { /* code 0042, LATIN CAPITAL LETTER B */
  0x00, 0x00, 0x00, 0x00, 0x00,
  0x00, 0x00, 0x00, 0x00, 0x00,
  0x00, 0x00, 0x00, 0x00, 0x00,
  0x00, 0x00, 0x00, 0x00, 0x00,
  0x00, 0x00, 0x00, 0x00, 0x00,
  0x00, 0x00, 0x00, 0x00, 0x00,
  0x0B, 0xFF, 0xFF, 0x90, 0x00,
  0x0B, 0xFF, 0xFF, 0xFC, 0x00,
  0x0B, 0xC0, 0x01, 0xFF, 0x00,
  0x0B, 0xC0, 0x00, 0x2F, 0x40,
  0x0B, 0xC0, 0x00, 0x1F, 0x40,
  0x0B, 0xC0, 0x00, 0x1F, 0x40,
  0x0B, 0xC0, 0x00, 0x2F, 0x00,
  0x0B, 0xC0, 0x00, 0xBD, 0x00,
  0x0B, 0xFF, 0xFF, 0xE0, 0x00,
  0x0B, 0xFF, 0xFF, 0xF8, 0x00,
  0x0B, 0xC0, 0x00, 0x7F, 0x00,
  0x0B, 0xC0, 0x00, 0x0F, 0x80,
  0x0B, 0xC0, 0x00, 0x07, 0xD0,
  0x0B, 0xC0, 0x00, 0x03, 0xD0,
  0x0B, 0xC0, 0x00, 0x03, 0xD0,
  0x0B, 0xC0, 0x00, 0x07, 0xD0,
  0x0B, 0xC0, 0x00, 0x0F, 0xC0,
  0x0B, 0xC0, 0x00, 0x7F, 0x40,
  0x0B, 0xFF, 0xFF, 0xFD, 0x00,
  0x0B, 0xFF, 0xFF, 0xD0, 0x00,
  0x00, 0x00, 0x00, 0x00, 0x00,
  0x00, 0x00, 0x00, 0x00, 0x00,
  0x00, 0x00, 0x00, 0x00, 0x00,
  0x00, 0x00, 0x00, 0x00, 0x00,
  0x00, 0x00, 0x00, 0x00, 0x00,
  0x00, 0x00, 0x00, 0x00, 0x00
};

static GUI_CONST_STORAGE unsigned char acGUI_FontLiberationSans32_0043[192] = { /* code 0043, LATIN CAPITAL LETTER C */
  0x00, 0x00, 0x00, 0x00, 0x00, 0x00,
  0x00, 0x00, 0x00, 0x00, 0x00, 0x00,
  0x00, 0x00, 0x00, 0x00, 0x00, 0x00,
  0x00, 0x00, 0x00, 0x00, 0x00, 0x00,
  0x00, 0x00, 0x00, 0x00, 0x00, 0x00,
  0x00, 0x00, 0x00, 0x00, 0x00, 0x00,
  0x00, 0x01, 0xBF, 0xF8, 0x00, 0x00,
  0x00, 0x1F, 0xFF, 0xFF, 0x80, 0x00,
  0x00, 0xBF, 0x90, 0x1F, 0xF0, 0x00,
  0x02, 0xF8, 0x00, 0x02, 0xF8, 0x00,
  0x07, 0xE0, 0x00, 0x00, 0xBD, 0x00,
  0x0B, 0xC0, 0x00, 0x00, 0x34, 0x00,
  0x0F, 0x80, 0x00, 0x00, 0x00, 0x00,
  0x1F, 0x40, 0x00, 0x00, 0x00, 0x00,
  0x1F, 0x40, 0x00, 0x00, 0x00, 0x00,
  0x1F, 0x00, 0x00, 0x00, 0x00, 0x00,
  0x1F, 0x00, 0x00, 0x00, 0x00, 0x00,
  0x1F, 0x40, 0x00, 0x00, 0x00, 0x00,
  0x1F, 0x40, 0x00, 0x00, 0x00, 0x00,
  0x0F, 0x80, 0x00, 0x00, 0x00, 0x00,
  0x0B, 0xD0, 0x00, 0x00, 0x28, 0x00,
  0x07, 0xF0, 0x00, 0x00, 0x7E, 0x00,
  0x02, 0xFC, 0x00, 0x01, 0xFC, 0x00,
  0x00, 0xBF, 0x90, 0x1F, 0xF0, 0x00,
  0x00, 0x1F, 0xFF, 0xFF, 0x80, 0x00,
  0x00, 0x01, 0xBF, 0xF4, 0x00, 0x00,
  0x00, 0x00, 0x00, 0x00, 0x00, 0x00,
  0x00, 0x00, 0x00, 0x00, 0x00, 0x00,
  0x00, 0x00, 0x00, 0x00, 0x00, 0x00,
  0x00, 0x00, 0x00, 0x00, 0x00, 0x00,
  0x00, 0x00, 0x00, 0x00, 0x00, 0x00,
  0x00, 0x00, 0x00, 0x00, 0x00, 0x00
};

static GUI_CONST_STORAGE unsigned char acGUI_FontLiberationSans32_0044[192] = { /* code 0044, LATIN CAPITAL LETTER D */
  0x00, 0x00, 0x00, 0x00, 0x00, 0x00,
  0x00, 0x00, 0x00, 0x00, 0x00, 0x00,
  0x00, 0x00, 0x00, 0x00, 0x00, 0x00,
  0x00, 0x00, 0x00, 0x00, 0x00, 0x00,
  0x00, 0x00, 0x00, 0x00, 0x00, 0x00,
  0x00, 0x00, 0x00, 0x00, 0x00, 0x00,
  0x0B, 0xFF, 0xFF, 0x90, 0x00, 0x00,
  0x0B, 0xFF, 0xFF, 0xFD, 0x00, 0x00,
  0x0B, 0xC0, 0x01, 0xBF, 0x80, 0x00,
  0x0B, 0xC0, 0x00, 0x0F, 0xE0, 0x00,
  0x0B, 0xC0, 0x00, 0x02, 0xF4, 0x00,
  0x0B, 0xC0, 0x00, 0x00, 0xF8, 0x00,
  0x0B, 0xC0, 0x00, 0x00, 0xBC, 0x00,
  0x0B, 0xC0, 0x00, 0x00, 0x7D, 0x00,
  0x0B, 0xC0, 0x00, 0x00, 0x3D, 0x00,
  0x0B, 0xC0, 0x00, 0x00, 0x3E, 0x00,
  0x0B, 0xC0, 0x00, 0x00, 0x3D, 0x00,
  0x0B, 0xC0, 0x00, 0x00, 0x3D, 0x00,
  0x0B, 0xC0, 0x00, 0x00, 0x7D, 0x00,
  0x0B, 0xC0, 0x00, 0x00, 0xBC, 0x00,
  0x0B, 0xC0, 0x00, 0x00, 0xF8, 0x00,
  0x0B, 0xC0, 0x00, 0x03, 0xF0, 0x00,
  0x0B, 0xC0, 0x00, 0x0F, 0xD0, 0x00,
  0x0B, 0xC0, 0x01, 0xBF, 0x80, 0x00,
  0x0B, 0xFF, 0xFF, 0xFD, 0x00, 0x00,
  0x0B, 0xFF, 0xFF, 0x90, 0x00, 0x00,
  0x00, 0x00, 0x00, 0x00, 0x00, 0x00,
  0x00, 0x00, 0x00, 0x00, 0x00, 0x00,
  0x00, 0x00, 0x00, 0x00, 0x00, 0x00,
  0x00, 0x00, 0x00, 0x00, 0x00, 0x00,
  0x00, 0x00, 0x00, 0x00, 0x00, 0x00,
  0x00, 0x00, 0x00, 0x00, 0x00, 0x00
};

static GUI_CONST_STORAGE unsigned char acGUI_FontLiberationSans32_0045[160] = { /* code 0045, LATIN CAPITAL LETTER E */
  0x00, 0x00, 0x00, 0x00, 0x00,
  0x00, 0x00, 0x00, 0x00, 0x00,
  0x00, 0x00, 0x00, 0x00, 0x00,
  0x00, 0x00, 0x00, 0x00, 0x00,
  0x00, 0x00, 0x00, 0x00, 0x00,
  0x00, 0x00, 0x00, 0x00, 0x00,
  0x0B, 0xFF, 0xFF, 0xFF, 0xD0,
  0x0B, 0xFF, 0xFF, 0xFF, 0xD0,
  0x0B, 0xC0, 0x00, 0x00, 0x00,
  0x0B, 0xC0, 0x00, 0x00, 0x00,
  0x0B, 0xC0, 0x00, 0x00, 0x00,
  0x0B, 0xC0, 0x00, 0x00, 0x00,
  0x0B, 0xC0, 0x00, 0x00, 0x00,
  0x0B, 0xC0, 0x00, 0x00, 0x00,
  0x0B, 0xC0, 0x00, 0x00, 0x00,
  0x0B, 0xFF, 0xFF, 0xFF, 0x40,
  0x0B, 0xFF, 0xFF, 0xFF, 0x40,
  0x0B, 0xC0, 0x00, 0x00, 0x00,
  0x0B, 0xC0, 0x00, 0x00, 0x00,
  0x0B, 0xC0, 0x00, 0x00, 0x00,
  0x0B, 0xC0, 0x00, 0x00, 0x00,
  0x0B, 0xC0, 0x00, 0x00, 0x00,
  0x0B, 0xC0, 0x00, 0x00, 0x00,
  0x0B, 0xC0, 0x00, 0x00, 0x00,
  0x0B, 0xFF, 0xFF, 0xFF, 0xE0,
  0x0B, 0xFF, 0xFF, 0xFF, 0xE0,
  0x00, 0x00, 0x00, 0x00, 0x00,
  0x00, 0x00, 0x00, 0x00, 0x00,
  0x00, 0x00, 0x00, 0x00, 0x00,
  0x00, 0x00, 0x00, 0x00, 0x00,
  0x00, 0x00, 0x00, 0x00, 0x00,
  0x00, 0x00, 0x00, 0x00, 0x00
};

static GUI_CONST_STORAGE unsigned char acGUI_FontLiberationSans32_0046[160] = { /* code 0046, LATIN CAPITAL LETTER F */
  0x00, 0x00, 0x00, 0x00, 0x00,
  0x00, 0x00, 0x00, 0x00, 0x00,
  0x00, 0x00, 0x00, 0x00, 0x00,
  0x00, 0x00, 0x00, 0x00, 0x00,
  0x00, 0x00, 0x00, 0x00, 0x00,
  0x00, 0x00, 0x00, 0x00, 0x00,
  0x07, 0xFF, 0xFF, 0xFF, 0x80,
  0x07, 0xFF, 0xFF, 0xFF, 0x80,
  0x07, 0xD0, 0x00, 0x00, 0x00,
  0x07, 0xC0, 0x00, 0x00, 0x00,
  0x07, 0xC0, 0x00, 0x00, 0x00,
  0x07, 0xC0, 0x00, 0x00, 0x00,
  0x07, 0xC0, 0x00, 0x00, 0x00,
  0x07, 0xC0, 0x00, 0x00, 0x00,
  0x07, 0xC0, 0x00, 0x00, 0x00,
  0x07, 0xC0, 0x00, 0x00, 0x00,
  0x07, 0xFF, 0xFF, 0xFF, 0x40,
  0x07, 0xFF, 0xFF, 0xFF, 0x40,
  0x07, 0xD0, 0x00, 0x00, 0x00,
  0x07, 0xC0, 0x00, 0x00, 0x00,
  0x07, 0xC0, 0x00, 0x00, 0x00,
  0x07, 0xC0, 0x00, 0x00, 0x00,
  0x07, 0xC0, 0x00, 0x00, 0x00,
  0x07, 0xC0, 0x00, 0x00, 0x00,
  0x07, 0xC0, 0x00, 0x00, 0x00,
  0x07, 0xC0, 0x00, 0x00, 0x00,
  0x00, 0x00, 0x00, 0x00, 0x00,
  0x00, 0x00, 0x00, 0x00, 0x00,
  0x00, 0x00, 0x00, 0x00, 0x00,
  0x00, 0x00, 0x00, 0x00, 0x00,
  0x00, 0x00, 0x00, 0x00, 0x00,
  0x00, 0x00, 0x00, 0x00, 0x00
};

static GUI_CONST_STORAGE unsigned char acGUI_FontLiberationSans32_0047[192] = { /* code 0047, LATIN CAPITAL LETTER G */
  0x00, 0x00, 0x00, 0x00, 0x00, 0x00,
  0x00, 0x00, 0x00, 0x00, 0x00, 0x00,
  0x00, 0x00, 0x00, 0x00, 0x00, 0x00,
  0x00, 0x00, 0x00, 0x00, 0x00, 0x00,
  0x00, 0x00, 0x00, 0x00, 0x00, 0x00,
  0x00, 0x00, 0x00, 0x00, 0x00, 0x00,
  0x00, 0x01, 0xBF, 0xF9, 0x00, 0x00,
  0x00, 0x1F, 0xFF, 0xFF, 0xD0, 0x00,
  0x00, 0xBF, 0x90, 0x1B, 0xF8, 0x00,
  0x02, 0xF8, 0x00, 0x00, 0xFD, 0x00,
  0x07, 0xE0, 0x00, 0x00, 0x3F, 0x00,
  0x0B, 0xC0, 0x00, 0x00, 0x1D, 0x00,
  0x0F, 0x80, 0x00, 0x00, 0x00, 0x00,
  0x1F, 0x40, 0x00, 0x00, 0x00, 0x00,
  0x1F, 0x40, 0x00, 0x00, 0x00, 0x00,
  0x1F, 0x00, 0x00, 0x00, 0x00, 0x00,
  0x1F, 0x00, 0x00, 0xBF, 0xFF, 0x80,
  0x1F, 0x40, 0x00, 0xBF, 0xFF, 0x80,
  0x1F, 0x40, 0x00, 0x00, 0x0B, 0x80,
  0x0F, 0x80, 0x00, 0x00, 0x0B, 0x80,
  0x0B, 0xD0, 0x00, 0x00, 0x0B, 0x80,
  0x03, 0xF0, 0x00, 0x00, 0x0B, 0x80,
  0x01, 0xFD, 0x00, 0x00, 0x2F, 0x80,
  0x00, 0xBF, 0xD0, 0x07, 0xFE, 0x00,
  0x00, 0x1F, 0xFF, 0xFF, 0xF4, 0x00,
  0x00, 0x01, 0xBF, 0xFD, 0x00, 0x00,
  0x00, 0x00, 0x00, 0x00, 0x00, 0x00,
  0x00, 0x00, 0x00, 0x00, 0x00, 0x00,
  0x00, 0x00, 0x00, 0x00, 0x00, 0x00,
  0x00, 0x00, 0x00, 0x00, 0x00, 0x00,
  0x00, 0x00, 0x00, 0x00, 0x00, 0x00,
  0x00, 0x00, 0x00, 0x00, 0x00, 0x00
};

static GUI_CONST_STORAGE unsigned char acGUI_FontLiberationSans32_0048[192] = { /* code 0048, LATIN CAPITAL LETTER H */
  0x00, 0x00, 0x00, 0x00, 0x00, 0x00,
  0x00, 0x00, 0x00, 0x00, 0x00, 0x00,
  0x00, 0x00, 0x00, 0x00, 0x00, 0x00,
  0x00, 0x00, 0x00, 0x00, 0x00, 0x00,
  0x00, 0x00, 0x00, 0x00, 0x00, 0x00,
  0x00, 0x00, 0x00, 0x00, 0x00, 0x00,
  0x0B, 0xC0, 0x00, 0x00, 0xF8, 0x00,
  0x0B, 0xC0, 0x00, 0x00, 0xF8, 0x00,
  0x0B, 0xC0, 0x00, 0x00, 0xF8, 0x00,
  0x0B, 0xC0, 0x00, 0x00, 0xF8, 0x00,
  0x0B, 0xC0, 0x00, 0x00, 0xF8, 0x00,
  0x0B, 0xC0, 0x00, 0x00, 0xF8, 0x00,
  0x0B, 0xC0, 0x00, 0x00, 0xF8, 0x00,
  0x0B, 0xC0, 0x00, 0x00, 0xF8, 0x00,
  0x0B, 0xC0, 0x00, 0x00, 0xF8, 0x00,
  0x0B, 0xFF, 0xFF, 0xFF, 0xF8, 0x00,
  0x0B, 0xFF, 0xFF, 0xFF, 0xF8, 0x00,
  0x0B, 0xC0, 0x00, 0x00, 0xF8, 0x00,
  0x0B, 0xC0, 0x00, 0x00, 0xF8, 0x00,
  0x0B, 0xC0, 0x00, 0x00, 0xF8, 0x00,
  0x0B, 0xC0, 0x00, 0x00, 0xF8, 0x00,
  0x0B, 0xC0, 0x00, 0x00, 0xF8, 0x00,
  0x0B, 0xC0, 0x00, 0x00, 0xF8, 0x00,
  0x0B, 0xC0, 0x00, 0x00, 0xF8, 0x00,
  0x0B, 0xC0, 0x00, 0x00, 0xF8, 0x00,
  0x0B, 0xC0, 0x00, 0x00, 0xF8, 0x00,
  0x00, 0x00, 0x00, 0x00, 0x00, 0x00,
  0x00, 0x00, 0x00, 0x00, 0x00, 0x00,
  0x00, 0x00, 0x00, 0x00, 0x00, 0x00,
  0x00, 0x00, 0x00, 0x00, 0x00, 0x00,
  0x00, 0x00, 0x00, 0x00, 0x00, 0x00,
  0x00, 0x00, 0x00, 0x00, 0x00, 0x00
};

static GUI_CONST_STORAGE unsigned char acGUI_FontLiberationSans32_0049[ 64] = { /* code 0049, LATIN CAPITAL LETTER I */
  0x00, 0x00,
  0x00, 0x00,
  0x00, 0x00,
  0x00, 0x00,
  0x00, 0x00,
  0x00, 0x00,
  0x0B, 0xC0,
  0x0B, 0xC0,
  0x0B, 0xC0,
  0x0B, 0xC0,
  0x0B, 0xC0,
  0x0B, 0xC0,
  0x0B, 0xC0,
  0x0B, 0xC0,
  0x0B, 0xC0,
  0x0B, 0xC0,
  0x0B, 0xC0,
  0x0B, 0xC0,
  0x0B, 0xC0,
  0x0B, 0xC0,
  0x0B, 0xC0,
  0x0B, 0xC0,
  0x0B, 0xC0,
  0x0B, 0xC0,
  0x0B, 0xC0,
  0x0B, 0xC0,
  0x00, 0x00,
  0x00, 0x00,
  0x00, 0x00,
  0x00, 0x00,
  0x00, 0x00,
  0x00, 0x00
};

static GUI_CONST_STORAGE unsigned char acGUI_FontLiberationSans32_004A[128] = { /* code 004A, LATIN CAPITAL LETTER J */
  0x00, 0x00, 0x00, 0x00,
  0x00, 0x00, 0x00, 0x00,
  0x00, 0x00, 0x00, 0x00,
  0x00, 0x00, 0x00, 0x00,
  0x00, 0x00, 0x00, 0x00,
  0x00, 0x00, 0x00, 0x00,
  0x00, 0x0F, 0xFF, 0x80,
  0x00, 0x0F, 0xFF, 0x80,
  0x00, 0x00, 0x0F, 0x80,
  0x00, 0x00, 0x0F, 0x80,
  0x00, 0x00, 0x0F, 0x80,
  0x00, 0x00, 0x0F, 0x80,
  0x00, 0x00, 0x0F, 0x80,
  0x00, 0x00, 0x0F, 0x80,
  0x00, 0x00, 0x0F, 0x80,
  0x00, 0x00, 0x0F, 0x80,
  0x00, 0x00, 0x0F, 0x80,
  0x00, 0x00, 0x0F, 0x80,
  0x00, 0x00, 0x0F, 0x80,
  0x00, 0x00, 0x0F, 0x80,
  0x6C, 0x00, 0x0F, 0x80,
  0x7D, 0x00, 0x0F, 0x80,
  0x3F, 0x00, 0x1F, 0x40,
  0x1F, 0xD0, 0xBE, 0x00,
  0x0B, 0xFF, 0xFC, 0x00,
  0x00, 0xBF, 0xD0, 0x00,
  0x00, 0x00, 0x00, 0x00,
  0x00, 0x00, 0x00, 0x00,
  0x00, 0x00, 0x00, 0x00,
  0x00, 0x00, 0x00, 0x00,
  0x00, 0x00, 0x00, 0x00,
  0x00, 0x00, 0x00, 0x00
};

static GUI_CONST_STORAGE unsigned char acGUI_FontLiberationSans32_004B[160] = { /* code 004B, LATIN CAPITAL LETTER K */
  0x00, 0x00, 0x00, 0x00, 0x00,
  0x00, 0x00, 0x00, 0x00, 0x00,
  0x00, 0x00, 0x00, 0x00, 0x00,
  0x00, 0x00, 0x00, 0x00, 0x00,
  0x00, 0x00, 0x00, 0x00, 0x00,
  0x00, 0x00, 0x00, 0x00, 0x00,
  0x0B, 0xC0, 0x00, 0x0F, 0xC0,
  0x0B, 0xC0, 0x00, 0x3F, 0x00,
  0x0B, 0xC0, 0x00, 0xBC, 0x00,
  0x0B, 0xC0, 0x02, 0xF0, 0x00,
  0x0B, 0xC0, 0x0B, 0xD0, 0x00,
  0x0B, 0xC0, 0x2F, 0x40, 0x00,
  0x0B, 0xC0, 0xBD, 0x00, 0x00,
  0x0B, 0xC2, 0xF4, 0x00, 0x00,
  0x0B, 0xC7, 0xD0, 0x00, 0x00,
  0x0B, 0xEF, 0xF0, 0x00, 0x00,
  0x0B, 0xFE, 0xF8, 0x00, 0x00,
  0x0B, 0xF0, 0x7E, 0x00, 0x00,
  0x0B, 0xC0, 0x2F, 0x40, 0x00,
  0x0B, 0xC0, 0x0B, 0xD0, 0x00,
  0x0B, 0xC0, 0x03, 0xF0, 0x00,
  0x0B, 0xC0, 0x01, 0xFC, 0x00,
  0x0B, 0xC0, 0x00, 0x7E, 0x00,
  0x0B, 0xC0, 0x00, 0x2F, 0x80,
  0x0B, 0xC0, 0x00, 0x0B, 0xD0,
  0x0B, 0xC0, 0x00, 0x03, 0xF4,
  0x00, 0x00, 0x00, 0x00, 0x00,
  0x00, 0x00, 0x00, 0x00, 0x00,
  0x00, 0x00, 0x00, 0x00, 0x00,
  0x00, 0x00, 0x00, 0x00, 0x00,
  0x00, 0x00, 0x00, 0x00, 0x00,
  0x00, 0x00, 0x00, 0x00, 0x00
};

static GUI_CONST_STORAGE unsigned char acGUI_FontLiberationSans32_004C[128] = { /* code 004C, LATIN CAPITAL LETTER L */
  0x00, 0x00, 0x00, 0x00,
  0x00, 0x00, 0x00, 0x00,
  0x00, 0x00, 0x00, 0x00,
  0x00, 0x00, 0x00, 0x00,
  0x00, 0x00, 0x00, 0x00,
  0x00, 0x00, 0x00, 0x00,
  0x0B, 0xC0, 0x00, 0x00,
  0x0B, 0xC0, 0x00, 0x00,
  0x0B, 0xC0, 0x00, 0x00,
  0x0B, 0xC0, 0x00, 0x00,
  0x0B, 0xC0, 0x00, 0x00,
  0x0B, 0xC0, 0x00, 0x00,
  0x0B, 0xC0, 0x00, 0x00,
  0x0B, 0xC0, 0x00, 0x00,
  0x0B, 0xC0, 0x00, 0x00,
  0x0B, 0xC0, 0x00, 0x00,
  0x0B, 0xC0, 0x00, 0x00,
  0x0B, 0xC0, 0x00, 0x00,
  0x0B, 0xC0, 0x00, 0x00,
  0x0B, 0xC0, 0x00, 0x00,
  0x0B, 0xC0, 0x00, 0x00,
  0x0B, 0xC0, 0x00, 0x00,
  0x0B, 0xC0, 0x00, 0x00,
  0x0B, 0xC0, 0x00, 0x00,
  0x0B, 0xFF, 0xFF, 0xFC,
  0x0B, 0xFF, 0xFF, 0xFC,
  0x00, 0x00, 0x00, 0x00,
  0x00, 0x00, 0x00, 0x00,
  0x00, 0x00, 0x00, 0x00,
  0x00, 0x00, 0x00, 0x00,
  0x00, 0x00, 0x00, 0x00,
  0x00, 0x00, 0x00, 0x00
};

static GUI_CONST_STORAGE unsigned char acGUI_FontLiberationSans32_004D[192] = { /* code 004D, LATIN CAPITAL LETTER M */
  0x00, 0x00, 0x00, 0x00, 0x00, 0x00,
  0x00, 0x00, 0x00, 0x00, 0x00, 0x00,
  0x00, 0x00, 0x00, 0x00, 0x00, 0x00,
  0x00, 0x00, 0x00, 0x00, 0x00, 0x00,
  0x00, 0x00, 0x00, 0x00, 0x00, 0x00,
  0x00, 0x00, 0x00, 0x00, 0x00, 0x00,
  0x0B, 0xF0, 0x00, 0x00, 0x2F, 0x80,
  0x0B, 0xF4, 0x00, 0x00, 0x3F, 0x80,
  0x0B, 0xF8, 0x00, 0x00, 0x7F, 0x80,
  0x0B, 0xFC, 0x00, 0x00, 0xBF, 0x80,
  0x0B, 0xAD, 0x00, 0x01, 0xEB, 0x80,
  0x0B, 0x9E, 0x00, 0x02, 0xEB, 0x80,
  0x0B, 0x8F, 0x00, 0x03, 0xCB, 0x80,
  0x0B, 0x8B, 0x40, 0x07, 0x8B, 0x80,
  0x0B, 0x87, 0x80, 0x0B, 0x4B, 0x80,
  0x0B, 0x83, 0xC0, 0x0F, 0x0B, 0x80,
  0x0B, 0x82, 0xD0, 0x1E, 0x0B, 0x80,
  0x0B, 0x81, 0xE0, 0x2D, 0x0B, 0x80,
  0x0B, 0x80, 0xF4, 0x3C, 0x0B, 0x80,
  0x0B, 0x80, 0xB8, 0x78, 0x0B, 0x80,
  0x0B, 0x80, 0x7C, 0xB4, 0x0B, 0x80,
  0x0B, 0x80, 0x3D, 0xF0, 0x0B, 0x80,
  0x0B, 0x80, 0x2E, 0xE0, 0x0B, 0x80,
  0x0B, 0x80, 0x0F, 0xD0, 0x0B, 0x80,
  0x0B, 0x80, 0x0B, 0xC0, 0x0B, 0x80,
  0x0B, 0x80, 0x07, 0x80, 0x0B, 0x80,
  0x00, 0x00, 0x00, 0x00, 0x00, 0x00,
  0x00, 0x00, 0x00, 0x00, 0x00, 0x00,
  0x00, 0x00, 0x00, 0x00, 0x00, 0x00,
  0x00, 0x00, 0x00, 0x00, 0x00, 0x00,
  0x00, 0x00, 0x00, 0x00, 0x00, 0x00,
  0x00, 0x00, 0x00, 0x00, 0x00, 0x00
};

static GUI_CONST_STORAGE unsigned char acGUI_FontLiberationSans32_004E[192] = { /* code 004E, LATIN CAPITAL LETTER N */
  0x00, 0x00, 0x00, 0x00, 0x00, 0x00,
  0x00, 0x00, 0x00, 0x00, 0x00, 0x00,
  0x00, 0x00, 0x00, 0x00, 0x00, 0x00,
  0x00, 0x00, 0x00, 0x00, 0x00, 0x00,
  0x00, 0x00, 0x00, 0x00, 0x00, 0x00,
  0x00, 0x00, 0x00, 0x00, 0x00, 0x00,
  0x0B, 0xE0, 0x00, 0x00, 0xB8, 0x00,
  0x0B, 0xF4, 0x00, 0x00, 0xB8, 0x00,
  0x0B, 0xFC, 0x00, 0x00, 0xB8, 0x00,
  0x0B, 0xBE, 0x00, 0x00, 0xB8, 0x00,
  0x0B, 0x9F, 0x40, 0x00, 0xB8, 0x00,
  0x0B, 0x8B, 0xC0, 0x00, 0xB8, 0x00,
  0x0B, 0x83, 0xE0, 0x00, 0xB8, 0x00,
  0x0B, 0x81, 0xF4, 0x00, 0xB8, 0x00,
  0x0B, 0x80, 0xB8, 0x00, 0xB8, 0x00,
  0x0B, 0x80, 0x3D, 0x00, 0xB8, 0x00,
  0x0B, 0x80, 0x2F, 0x00, 0xB8, 0x00,
  0x0B, 0x80, 0x0F, 0x80, 0xB8, 0x00,
  0x0B, 0x80, 0x07, 0xD0, 0xB8, 0x00,
  0x0B, 0x80, 0x02, 0xF0, 0xB8, 0x00,
  0x0B, 0x80, 0x00, 0xF8, 0xB8, 0x00,
  0x0B, 0x80, 0x00, 0x7D, 0xB8, 0x00,
  0x0B, 0x80, 0x00, 0x2F, 0xB8, 0x00,
  0x0B, 0x80, 0x00, 0x0F, 0xF8, 0x00,
  0x0B, 0x80, 0x00, 0x07, 0xF8, 0x00,
  0x0B, 0x80, 0x00, 0x03, 0xF8, 0x00,
  0x00, 0x00, 0x00, 0x00, 0x00, 0x00,
  0x00, 0x00, 0x00, 0x00, 0x00, 0x00,
  0x00, 0x00, 0x00, 0x00, 0x00, 0x00,
  0x00, 0x00, 0x00, 0x00, 0x00, 0x00,
  0x00, 0x00, 0x00, 0x00, 0x00, 0x00,
  0x00, 0x00, 0x00, 0x00, 0x00, 0x00
};

static GUI_CONST_STORAGE unsigned char acGUI_FontLiberationSans32_004F[192] = { /* code 004F, LATIN CAPITAL LETTER O */
  0x00, 0x00, 0x00, 0x00, 0x00, 0x00,
  0x00, 0x00, 0x00, 0x00, 0x00, 0x00,
  0x00, 0x00, 0x00, 0x00, 0x00, 0x00,
  0x00, 0x00, 0x00, 0x00, 0x00, 0x00,
  0x00, 0x00, 0x00, 0x00, 0x00, 0x00,
  0x00, 0x00, 0x00, 0x00, 0x00, 0x00,
  0x00, 0x01, 0xBF, 0xF9, 0x00, 0x00,
  0x00, 0x1F, 0xFF, 0xFF, 0xD0, 0x00,
  0x00, 0xBF, 0x90, 0x1B, 0xF8, 0x00,
  0x02, 0xF8, 0x00, 0x00, 0xFE, 0x00,
  0x07, 0xE0, 0x00, 0x00, 0x2F, 0x40,
  0x0B, 0xC0, 0x00, 0x00, 0x0F, 0x80,
  0x0F, 0x80, 0x00, 0x00, 0x0B, 0xC0,
  0x1F, 0x40, 0x00, 0x00, 0x07, 0xD0,
  0x1F, 0x00, 0x00, 0x00, 0x07, 0xD0,
  0x2F, 0x00, 0x00, 0x00, 0x03, 0xD0,
  0x2F, 0x00, 0x00, 0x00, 0x03, 0xD0,
  0x1F, 0x00, 0x00, 0x00, 0x07, 0xD0,
  0x1F, 0x40, 0x00, 0x00, 0x07, 0xD0,
  0x0F, 0x80, 0x00, 0x00, 0x0B, 0xC0,
  0x0B, 0xC0, 0x00, 0x00, 0x0F, 0x80,
  0x07, 0xF0, 0x00, 0x00, 0x2F, 0x00,
  0x02, 0xFC, 0x00, 0x00, 0xFD, 0x00,
  0x00, 0xBF, 0x90, 0x1B, 0xF8, 0x00,
  0x00, 0x1F, 0xFF, 0xFF, 0xD0, 0x00,
  0x00, 0x01, 0xBF, 0xF9, 0x00, 0x00,
  0x00, 0x00, 0x00, 0x00, 0x00, 0x00,
  0x00, 0x00, 0x00, 0x00, 0x00, 0x00,
  0x00, 0x00, 0x00, 0x00, 0x00, 0x00,
  0x00, 0x00, 0x00, 0x00, 0x00, 0x00,
  0x00, 0x00, 0x00, 0x00, 0x00, 0x00,
  0x00, 0x00, 0x00, 0x00, 0x00, 0x00
};

static GUI_CONST_STORAGE unsigned char acGUI_FontLiberationSans32_0050[160] = { /* code 0050, LATIN CAPITAL LETTER P */
  0x00, 0x00, 0x00, 0x00, 0x00,
  0x00, 0x00, 0x00, 0x00, 0x00,
  0x00, 0x00, 0x00, 0x00, 0x00,
  0x00, 0x00, 0x00, 0x00, 0x00,
  0x00, 0x00, 0x00, 0x00, 0x00,
  0x00, 0x00, 0x00, 0x00, 0x00,
  0x0B, 0xFF, 0xFF, 0xE0, 0x00,
  0x0B, 0xFF, 0xFF, 0xFE, 0x00,
  0x0B, 0xC0, 0x00, 0x7F, 0x40,
  0x0B, 0xC0, 0x00, 0x0F, 0xC0,
  0x0B, 0xC0, 0x00, 0x07, 0xD0,
  0x0B, 0xC0, 0x00, 0x03, 0xD0,
  0x0B, 0xC0, 0x00, 0x03, 0xD0,
  0x0B, 0xC0, 0x00, 0x07, 0xD0,
  0x0B, 0xC0, 0x00, 0x0B, 0xC0,
  0x0B, 0xC0, 0x00, 0x3F, 0x40,
  0x0B, 0xFF, 0xFF, 0xFE, 0x00,
  0x0B, 0xFF, 0xFF, 0xF4, 0x00,
  0x0B, 0xC0, 0x00, 0x00, 0x00,
  0x0B, 0xC0, 0x00, 0x00, 0x00,
  0x0B, 0xC0, 0x00, 0x00, 0x00,
  0x0B, 0xC0, 0x00, 0x00, 0x00,
  0x0B, 0xC0, 0x00, 0x00, 0x00,
  0x0B, 0xC0, 0x00, 0x00, 0x00,
  0x0B, 0xC0, 0x00, 0x00, 0x00,
  0x0B, 0xC0, 0x00, 0x00, 0x00,
  0x00, 0x00, 0x00, 0x00, 0x00,
  0x00, 0x00, 0x00, 0x00, 0x00,
  0x00, 0x00, 0x00, 0x00, 0x00,
  0x00, 0x00, 0x00, 0x00, 0x00,
  0x00, 0x00, 0x00, 0x00, 0x00,
  0x00, 0x00, 0x00, 0x00, 0x00
};

static GUI_CONST_STORAGE unsigned char acGUI_FontLiberationSans32_0051[192] = { /* code 0051, LATIN CAPITAL LETTER Q */
  0x00, 0x00, 0x00, 0x00, 0x00, 0x00,
  0x00, 0x00, 0x00, 0x00, 0x00, 0x00,
  0x00, 0x00, 0x00, 0x00, 0x00, 0x00,
  0x00, 0x00, 0x00, 0x00, 0x00, 0x00,
  0x00, 0x00, 0x00, 0x00, 0x00, 0x00,
  0x00, 0x00, 0x00, 0x00, 0x00, 0x00,
  0x00, 0x01, 0xBF, 0xF9, 0x00, 0x00,
  0x00, 0x1F, 0xFF, 0xFF, 0xD0, 0x00,
  0x00, 0xBF, 0x90, 0x1B, 0xF8, 0x00,
  0x02, 0xF8, 0x00, 0x00, 0xFE, 0x00,
  0x07, 0xE0, 0x00, 0x00, 0x2F, 0x40,
  0x0B, 0xC0, 0x00, 0x00, 0x0F, 0x80,
  0x0F, 0x80, 0x00, 0x00, 0x0B, 0xC0,
  0x1F, 0x40, 0x00, 0x00, 0x07, 0xD0,
  0x1F, 0x00, 0x00, 0x00, 0x07, 0xD0,
  0x2F, 0x00, 0x00, 0x00, 0x03, 0xD0,
  0x2F, 0x00, 0x00, 0x00, 0x03, 0xD0,
  0x1F, 0x00, 0x00, 0x00, 0x07, 0xD0,
  0x1F, 0x40, 0x00, 0x00, 0x07, 0xD0,
  0x0F, 0x80, 0x00, 0x00, 0x0B, 0xC0,
  0x0B, 0xC0, 0x00, 0x00, 0x0F, 0x80,
  0x07, 0xE0, 0x00, 0x00, 0x2F, 0x40,
  0x02, 0xFC, 0x00, 0x00, 0xBE, 0x00,
  0x00, 0xBF, 0x90, 0x0B, 0xF8, 0x00,
  0x00, 0x1F, 0xFF, 0xFF, 0xD0, 0x00,
  0x00, 0x01, 0xBF, 0xF9, 0x00, 0x00,
  0x00, 0x00, 0x07, 0xE0, 0x00, 0x00,
  0x00, 0x00, 0x02, 0xF0, 0x00, 0x00,
  0x00, 0x00, 0x01, 0xFD, 0x00, 0x00,
  0x00, 0x00, 0x00, 0x7F, 0xFC, 0x00,
  0x00, 0x00, 0x00, 0x0B, 0xF8, 0x00,
  0x00, 0x00, 0x00, 0x00, 0x00, 0x00
};

static GUI_CONST_STORAGE unsigned char acGUI_FontLiberationSans32_0052[192] = { /* code 0052, LATIN CAPITAL LETTER R */
  0x00, 0x00, 0x00, 0x00, 0x00, 0x00,
  0x00, 0x00, 0x00, 0x00, 0x00, 0x00,
  0x00, 0x00, 0x00, 0x00, 0x00, 0x00,
  0x00, 0x00, 0x00, 0x00, 0x00, 0x00,
  0x00, 0x00, 0x00, 0x00, 0x00, 0x00,
  0x00, 0x00, 0x00, 0x00, 0x00, 0x00,
  0x0B, 0xFF, 0xFF, 0xF9, 0x00, 0x00,
  0x0B, 0xFF, 0xFF, 0xFF, 0xC0, 0x00,
  0x0B, 0xC0, 0x00, 0x1F, 0xE0, 0x00,
  0x0B, 0xC0, 0x00, 0x02, 0xF4, 0x00,
  0x0B, 0xC0, 0x00, 0x00, 0xF8, 0x00,
  0x0B, 0xC0, 0x00, 0x00, 0xB8, 0x00,
  0x0B, 0xC0, 0x00, 0x00, 0xB8, 0x00,
  0x0B, 0xC0, 0x00, 0x00, 0xF8, 0x00,
  0x0B, 0xC0, 0x00, 0x02, 0xF4, 0x00,
  0x0B, 0xC0, 0x00, 0x0B, 0xE0, 0x00,
  0x0B, 0xFF, 0xFF, 0xFF, 0x80, 0x00,
  0x0B, 0xFF, 0xFF, 0xF9, 0x00, 0x00,
  0x0B, 0xC0, 0x01, 0xF4, 0x00, 0x00,
  0x0B, 0xC0, 0x00, 0xBC, 0x00, 0x00,
  0x0B, 0xC0, 0x00, 0x3E, 0x00, 0x00,
  0x0B, 0xC0, 0x00, 0x1F, 0x40, 0x00,
  0x0B, 0xC0, 0x00, 0x0B, 0xC0, 0x00,
  0x0B, 0xC0, 0x00, 0x03, 0xE0, 0x00,
  0x0B, 0xC0, 0x00, 0x01, 0xF8, 0x00,
  0x0B, 0xC0, 0x00, 0x00, 0xBD, 0x00,
  0x00, 0x00, 0x00, 0x00, 0x00, 0x00,
  0x00, 0x00, 0x00, 0x00, 0x00, 0x00,
  0x00, 0x00, 0x00, 0x00, 0x00, 0x00,
  0x00, 0x00, 0x00, 0x00, 0x00, 0x00,
  0x00, 0x00, 0x00, 0x00, 0x00, 0x00,
  0x00, 0x00, 0x00, 0x00, 0x00, 0x00
};

static GUI_CONST_STORAGE unsigned char acGUI_FontLiberationSans32_0053[160] = { /* code 0053, LATIN CAPITAL LETTER S */
  0x00, 0x00, 0x00, 0x00, 0x00,
  0x00, 0x00, 0x00, 0x00, 0x00,
  0x00, 0x00, 0x00, 0x00, 0x00,
  0x00, 0x00, 0x00, 0x00, 0x00,
  0x00, 0x00, 0x00, 0x00, 0x00,
  0x00, 0x00, 0x00, 0x00, 0x00,
  0x00, 0x1B, 0xFF, 0xD0, 0x00,
  0x00, 0xFF, 0xFF, 0xFD, 0x00,
  0x03, 0xF8, 0x00, 0x7F, 0x40,
  0x07, 0xD0, 0x00, 0x0F, 0x80,
  0x0B, 0x80, 0x00, 0x07, 0x80,
  0x0B, 0x80, 0x00, 0x00, 0x00,
  0x0B, 0xD0, 0x00, 0x00, 0x00,
  0x03, 0xF8, 0x00, 0x00, 0x00,
  0x01, 0xFF, 0xE4, 0x00, 0x00,
  0x00, 0x2F, 0xFF, 0xE0, 0x00,
  0x00, 0x01, 0xBF, 0xFE, 0x00,
  0x00, 0x00, 0x00, 0xBF, 0x80,
  0x00, 0x00, 0x00, 0x0B, 0xD0,
  0x00, 0x00, 0x00, 0x03, 0xE0,
  0x01, 0x00, 0x00, 0x03, 0xE0,
  0x1F, 0x40, 0x00, 0x03, 0xE0,
  0x0F, 0xC0, 0x00, 0x0B, 0xD0,
  0x07, 0xF8, 0x00, 0x7F, 0x80,
  0x01, 0xFF, 0xFF, 0xFE, 0x00,
  0x00, 0x1B, 0xFF, 0xD0, 0x00,
  0x00, 0x00, 0x00, 0x00, 0x00,
  0x00, 0x00, 0x00, 0x00, 0x00,
  0x00, 0x00, 0x00, 0x00, 0x00,
  0x00, 0x00, 0x00, 0x00, 0x00,
  0x00, 0x00, 0x00, 0x00, 0x00,
  0x00, 0x00, 0x00, 0x00, 0x00
};

static GUI_CONST_STORAGE unsigned char acGUI_FontLiberationSans32_0054[160] = { /* code 0054, LATIN CAPITAL LETTER T */
  0x00, 0x00, 0x00, 0x00, 0x00,
  0x00, 0x00, 0x00, 0x00, 0x00,
  0x00, 0x00, 0x00, 0x00, 0x00,
  0x00, 0x00, 0x00, 0x00, 0x00,
  0x00, 0x00, 0x00, 0x00, 0x00,
  0x00, 0x00, 0x00, 0x00, 0x00,
  0x7F, 0xFF, 0xFF, 0xFF, 0xF4,
  0x7F, 0xFF, 0xFF, 0xFF, 0xF4,
  0x00, 0x00, 0xF8, 0x00, 0x00,
  0x00, 0x00, 0xF8, 0x00, 0x00,
  0x00, 0x00, 0xF8, 0x00, 0x00,
  0x00, 0x00, 0xF8, 0x00, 0x00,
  0x00, 0x00, 0xF8, 0x00, 0x00,
  0x00, 0x00, 0xF8, 0x00, 0x00,
  0x00, 0x00, 0xF8, 0x00, 0x00,
  0x00, 0x00, 0xF8, 0x00, 0x00,
  0x00, 0x00, 0xF8, 0x00, 0x00,
  0x00, 0x00, 0xF8, 0x00, 0x00,
  0x00, 0x00, 0xF8, 0x00, 0x00,
  0x00, 0x00, 0xF8, 0x00, 0x00,
  0x00, 0x00, 0xF8, 0x00, 0x00,
  0x00, 0x00, 0xF8, 0x00, 0x00,
  0x00, 0x00, 0xF8, 0x00, 0x00,
  0x00, 0x00, 0xF8, 0x00, 0x00,
  0x00, 0x00, 0xF8, 0x00, 0x00,
  0x00, 0x00, 0xF8, 0x00, 0x00,
  0x00, 0x00, 0x00, 0x00, 0x00,
  0x00, 0x00, 0x00, 0x00, 0x00,
  0x00, 0x00, 0x00, 0x00, 0x00,
  0x00, 0x00, 0x00, 0x00, 0x00,
  0x00, 0x00, 0x00, 0x00, 0x00,
  0x00, 0x00, 0x00, 0x00, 0x00
};

static GUI_CONST_STORAGE unsigned char acGUI_FontLiberationSans32_0055[192] = { /* code 0055, LATIN CAPITAL LETTER U */
  0x00, 0x00, 0x00, 0x00, 0x00, 0x00,
  0x00, 0x00, 0x00, 0x00, 0x00, 0x00,
  0x00, 0x00, 0x00, 0x00, 0x00, 0x00,
  0x00, 0x00, 0x00, 0x00, 0x00, 0x00,
  0x00, 0x00, 0x00, 0x00, 0x00, 0x00,
  0x00, 0x00, 0x00, 0x00, 0x00, 0x00,
  0x0B, 0xC0, 0x00, 0x00, 0xF8, 0x00,
  0x0B, 0xC0, 0x00, 0x00, 0xF8, 0x00,
  0x0B, 0xC0, 0x00, 0x00, 0xF8, 0x00,
  0x0B, 0xC0, 0x00, 0x00, 0xF8, 0x00,
  0x0B, 0xC0, 0x00, 0x00, 0xF8, 0x00,
  0x0B, 0xC0, 0x00, 0x00, 0xF8, 0x00,
  0x0B, 0xC0, 0x00, 0x00, 0xF8, 0x00,
  0x0B, 0xC0, 0x00, 0x00, 0xF8, 0x00,
  0x0B, 0xC0, 0x00, 0x00, 0xF8, 0x00,
  0x0B, 0xC0, 0x00, 0x00, 0xF8, 0x00,
  0x0B, 0xC0, 0x00, 0x00, 0xF8, 0x00,
  0x0B, 0xC0, 0x00, 0x00, 0xF8, 0x00,
  0x0B, 0xC0, 0x00, 0x00, 0xF8, 0x00,
  0x0B, 0xC0, 0x00, 0x00, 0xF8, 0x00,
  0x07, 0xC0, 0x00, 0x01, 0xF4, 0x00,
  0x07, 0xE0, 0x00, 0x02, 0xF0, 0x00,
  0x02, 0xF4, 0x00, 0x0B, 0xE0, 0x00,
  0x00, 0xFF, 0x40, 0x7F, 0xC0, 0x00,
  0x00, 0x3F, 0xFF, 0xFE, 0x00, 0x00,
  0x00, 0x02, 0xFF, 0xE0, 0x00, 0x00,
  0x00, 0x00, 0x00, 0x00, 0x00, 0x00,
  0x00, 0x00, 0x00, 0x00, 0x00, 0x00,
  0x00, 0x00, 0x00, 0x00, 0x00, 0x00,
  0x00, 0x00, 0x00, 0x00, 0x00, 0x00,
  0x00, 0x00, 0x00, 0x00, 0x00, 0x00,
  0x00, 0x00, 0x00, 0x00, 0x00, 0x00
};

static GUI_CONST_STORAGE unsigned char acGUI_FontLiberationSans32_0056[160] = { /* code 0056, LATIN CAPITAL LETTER V */
  0x00, 0x00, 0x00, 0x00, 0x00,
  0x00, 0x00, 0x00, 0x00, 0x00,
  0x00, 0x00, 0x00, 0x00, 0x00,
  0x00, 0x00, 0x00, 0x00, 0x00,
  0x00, 0x00, 0x00, 0x00, 0x00,
  0x00, 0x00, 0x00, 0x00, 0x00,
  0xBC, 0x00, 0x00, 0x00, 0xF8,
  0x7D, 0x00, 0x00, 0x01, 0xF4,
  0x2F, 0x00, 0x00, 0x02, 0xF0,
  0x1F, 0x40, 0x00, 0x07, 0xD0,
  0x0F, 0x80, 0x00, 0x0B, 0xC0,
  0x0B, 0xC0, 0x00, 0x0F, 0x80,
  0x07, 0xD0, 0x00, 0x1F, 0x40,
  0x02, 0xE0, 0x00, 0x2F, 0x00,
  0x01, 0xF0, 0x00, 0x3D, 0x00,
  0x00, 0xF8, 0x00, 0x7C, 0x00,
  0x00, 0xBC, 0x00, 0xF8, 0x00,
  0x00, 0x7D, 0x01, 0xF4, 0x00,
  0x00, 0x2E, 0x02, 0xF0, 0x00,
  0x00, 0x1F, 0x03, 0xD0, 0x00,
  0x00, 0x0F, 0x47, 0xC0, 0x00,
  0x00, 0x0B, 0x8B, 0x80, 0x00,
  0x00, 0x07, 0xDF, 0x40, 0x00,
  0x00, 0x02, 0xFF, 0x00, 0x00,
  0x00, 0x01, 0xFD, 0x00, 0x00,
  0x00, 0x00, 0xFC, 0x00, 0x00,
  0x00, 0x00, 0x00, 0x00, 0x00,
  0x00, 0x00, 0x00, 0x00, 0x00,
  0x00, 0x00, 0x00, 0x00, 0x00,
  0x00, 0x00, 0x00, 0x00, 0x00,
  0x00, 0x00, 0x00, 0x00, 0x00,
  0x00, 0x00, 0x00, 0x00, 0x00
};

static GUI_CONST_STORAGE unsigned char acGUI_FontLiberationSans32_0057[256] = { /* code 0057, LATIN CAPITAL LETTER W */
  0x00, 0x00, 0x00, 0x00, 0x00, 0x00, 0x00, 0x00,
  0x00, 0x00, 0x00, 0x00, 0x00, 0x00, 0x00, 0x00,
  0x00, 0x00, 0x00, 0x00, 0x00, 0x00, 0x00, 0x00,
  0x00, 0x00, 0x00, 0x00, 0x00, 0x00, 0x00, 0x00,
  0x00, 0x00, 0x00, 0x00, 0x00, 0x00, 0x00, 0x00,
  0x00, 0x00, 0x00, 0x00, 0x00, 0x00, 0x00, 0x00,
  0xBC, 0x00, 0x00, 0x1F, 0x40, 0x00, 0x03, 0xE0,
  0x7D, 0x00, 0x00, 0x2F, 0x80, 0x00, 0x07, 0xD0,
  0x3E, 0x00, 0x00, 0x3F, 0xC0, 0x00, 0x0B, 0xC0,
  0x2F, 0x00, 0x00, 0x7F, 0xD0, 0x00, 0x0F, 0x80,
  0x1F, 0x40, 0x00, 0xBA, 0xE0, 0x00, 0x1F, 0x40,
  0x0F, 0x80, 0x00, 0xF5, 0xF0, 0x00, 0x2F, 0x00,
  0x0B, 0xC0, 0x01, 0xF0, 0xF4, 0x00, 0x3E, 0x00,
  0x07, 0xD0, 0x02, 0xE0, 0xB8, 0x00, 0x7D, 0x00,
  0x03, 0xE0, 0x03, 0xD0, 0x7C, 0x00, 0xBC, 0x00,
  0x02, 0xF0, 0x03, 0xC0, 0x3D, 0x00, 0xF8, 0x00,
  0x01, 0xF4, 0x07, 0x80, 0x2E, 0x01, 0xF4, 0x00,
  0x00, 0xF8, 0x0B, 0x80, 0x1F, 0x02, 0xF0, 0x00,
  0x00, 0xBC, 0x0F, 0x40, 0x0F, 0x02, 0xE0, 0x00,
  0x00, 0x7D, 0x1F, 0x00, 0x0F, 0x43, 0xD0, 0x00,
  0x00, 0x3E, 0x2E, 0x00, 0x0B, 0x87, 0xC0, 0x00,
  0x00, 0x2E, 0x3D, 0x00, 0x07, 0xCB, 0x80, 0x00,
  0x00, 0x1F, 0x7C, 0x00, 0x03, 0xDF, 0x40, 0x00,
  0x00, 0x0F, 0xF8, 0x00, 0x02, 0xFF, 0x00, 0x00,
  0x00, 0x0B, 0xF4, 0x00, 0x01, 0xFE, 0x00, 0x00,
  0x00, 0x07, 0xF0, 0x00, 0x00, 0xFD, 0x00, 0x00,
  0x00, 0x00, 0x00, 0x00, 0x00, 0x00, 0x00, 0x00,
  0x00, 0x00, 0x00, 0x00, 0x00, 0x00, 0x00, 0x00,
  0x00, 0x00, 0x00, 0x00, 0x00, 0x00, 0x00, 0x00,
  0x00, 0x00, 0x00, 0x00, 0x00, 0x00, 0x00, 0x00,
  0x00, 0x00, 0x00, 0x00, 0x00, 0x00, 0x00, 0x00,
  0x00, 0x00, 0x00, 0x00, 0x00, 0x00, 0x00, 0x00
};

static GUI_CONST_STORAGE unsigned char acGUI_FontLiberationSans32_0058[160] = { /* code 0058, LATIN CAPITAL LETTER X */
  0x00, 0x00, 0x00, 0x00, 0x00,
  0x00, 0x00, 0x00, 0x00, 0x00,
  0x00, 0x00, 0x00, 0x00, 0x00,
  0x00, 0x00, 0x00, 0x00, 0x00,
  0x00, 0x00, 0x00, 0x00, 0x00,
  0x00, 0x00, 0x00, 0x00, 0x00,
  0x1F, 0x40, 0x00, 0x07, 0xD0,
  0x0B, 0xC0, 0x00, 0x0F, 0x80,
  0x03, 0xF0, 0x00, 0x2F, 0x00,
  0x01, 0xF8, 0x00, 0x7D, 0x00,
  0x00, 0x7D, 0x00, 0xF8, 0x00,
  0x00, 0x2F, 0x02, 0xF0, 0x00,
  0x00, 0x0F, 0x87, 0xD0, 0x00,
  0x00, 0x07, 0xDF, 0x40, 0x00,
  0x00, 0x02, 0xFE, 0x00, 0x00,
  0x00, 0x00, 0xFD, 0x00, 0x00,
  0x00, 0x01, 0xFE, 0x00, 0x00,
  0x00, 0x03, 0xEF, 0x40, 0x00,
  0x00, 0x0F, 0x87, 0xC0, 0x00,
  0x00, 0x2F, 0x02, 0xF0, 0x00,
  0x00, 0x7D, 0x00, 0xF8, 0x00,
  0x00, 0xF8, 0x00, 0x7D, 0x00,
  0x02, 0xF0, 0x00, 0x2F, 0x00,
  0x07, 0xD0, 0x00, 0x0F, 0x80,
  0x1F, 0x80, 0x00, 0x07, 0xD0,
  0x3F, 0x00, 0x00, 0x02, 0xF0,
  0x00, 0x00, 0x00, 0x00, 0x00,
  0x00, 0x00, 0x00, 0x00, 0x00,
  0x00, 0x00, 0x00, 0x00, 0x00,
  0x00, 0x00, 0x00, 0x00, 0x00,
  0x00, 0x00, 0x00, 0x00, 0x00,
  0x00, 0x00, 0x00, 0x00, 0x00
};

static GUI_CONST_STORAGE unsigned char acGUI_FontLiberationSans32_0059[160] = { /* code 0059, LATIN CAPITAL LETTER Y */
  0x00, 0x00, 0x00, 0x00, 0x00,
  0x00, 0x00, 0x00, 0x00, 0x00,
  0x00, 0x00, 0x00, 0x00, 0x00,
  0x00, 0x00, 0x00, 0x00, 0x00,
  0x00, 0x00, 0x00, 0x00, 0x00,
  0x00, 0x00, 0x00, 0x00, 0x00,
  0x3F, 0x00, 0x00, 0x02, 0xF0,
  0x1F, 0x40, 0x00, 0x07, 0xD0,
  0x0B, 0xC0, 0x00, 0x0F, 0x80,
  0x03, 0xE0, 0x00, 0x2F, 0x00,
  0x01, 0xF4, 0x00, 0x7D, 0x00,
  0x00, 0xBC, 0x00, 0xF8, 0x00,
  0x00, 0x3E, 0x01, 0xF0, 0x00,
  0x00, 0x1F, 0x43, 0xE0, 0x00,
  0x00, 0x0B, 0xCB, 0xC0, 0x00,
  0x00, 0x03, 0xFF, 0x40, 0x00,
  0x00, 0x01, 0xFE, 0x00, 0x00,
  0x00, 0x00, 0xFC, 0x00, 0x00,
  0x00, 0x00, 0xB8, 0x00, 0x00,
  0x00, 0x00, 0xB8, 0x00, 0x00,
  0x00, 0x00, 0xB8, 0x00, 0x00,
  0x00, 0x00, 0xB8, 0x00, 0x00,
  0x00, 0x00, 0xB8, 0x00, 0x00,
  0x00, 0x00, 0xB8, 0x00, 0x00,
  0x00, 0x00, 0xB8, 0x00, 0x00,
  0x00, 0x00, 0xB8, 0x00, 0x00,
  0x00, 0x00, 0x00, 0x00, 0x00,
  0x00, 0x00, 0x00, 0x00, 0x00,
  0x00, 0x00, 0x00, 0x00, 0x00,
  0x00, 0x00, 0x00, 0x00, 0x00,
  0x00, 0x00, 0x00, 0x00, 0x00,
  0x00, 0x00, 0x00, 0x00, 0x00
};

static GUI_CONST_STORAGE unsigned char acGUI_FontLiberationSans32_005A[160] = { /* code 005A, LATIN CAPITAL LETTER Z */
  0x00, 0x00, 0x00, 0x00, 0x00,
  0x00, 0x00, 0x00, 0x00, 0x00,
  0x00, 0x00, 0x00, 0x00, 0x00,
  0x00, 0x00, 0x00, 0x00, 0x00,
  0x00, 0x00, 0x00, 0x00, 0x00,
  0x00, 0x00, 0x00, 0x00, 0x00,
  0x0F, 0xFF, 0xFF, 0xFF, 0x40,
  0x0F, 0xFF, 0xFF, 0xFF, 0x40,
  0x00, 0x00, 0x00, 0x3F, 0x00,
  0x00, 0x00, 0x00, 0xBC, 0x00,
  0x00, 0x00, 0x01, 0xF4, 0x00,
  0x00, 0x00, 0x07, 0xE0, 0x00,
  0x00, 0x00, 0x0F, 0x80, 0x00,
  0x00, 0x00, 0x2F, 0x00, 0x00,
  0x00, 0x00, 0xBD, 0x00, 0x00,
  0x00, 0x01, 0xF4, 0x00, 0x00,
  0x00, 0x03, 0xE0, 0x00, 0x00,
  0x00, 0x0F, 0xC0, 0x00, 0x00,
  0x00, 0x2F, 0x00, 0x00, 0x00,
  0x00, 0x7D, 0x00, 0x00, 0x00,
  0x01, 0xF8, 0x00, 0x00, 0x00,
  0x03, 0xE0, 0x00, 0x00, 0x00,
  0x0F, 0xC0, 0x00, 0x00, 0x00,
  0x2F, 0x40, 0x00, 0x00, 0x00,
  0x3F, 0xFF, 0xFF, 0xFF, 0xC0,
  0x3F, 0xFF, 0xFF, 0xFF, 0xC0,
  0x00, 0x00, 0x00, 0x00, 0x00,
  0x00, 0x00, 0x00, 0x00, 0x00,
  0x00, 0x00, 0x00, 0x00, 0x00,
  0x00, 0x00, 0x00, 0x00, 0x00,
  0x00, 0x00, 0x00, 0x00, 0x00,
  0x00, 0x00, 0x00, 0x00, 0x00
};

static GUI_CONST_STORAGE unsigned char acGUI_FontLiberationSans32_005B[ 64] = { /* code 005B, LEFT SQUARE BRACKET */
  0x00, 0x00,
  0x00, 0x00,
  0x00, 0x00,
  0x00, 0x00,
  0x00, 0x00,
  0x0F, 0xFE,
  0x0F, 0xFE,
  0x0F, 0x40,
  0x0F, 0x40,
  0x0F, 0x40,
  0x0F, 0x40,
  0x0F, 0x40,
  0x0F, 0x40,
  0x0F, 0x40,
  0x0F, 0x40,
  0x0F, 0x40,
  0x0F, 0x40,
  0x0F, 0x40,
  0x0F, 0x40,
  0x0F, 0x40,
  0x0F, 0x40,
  0x0F, 0x40,
  0x0F, 0x40,
  0x0F, 0x40,
  0x0F, 0x40,
  0x0F, 0x40,
  0x0F, 0x40,
  0x0F, 0x40,
  0x0F, 0x40,
  0x0F, 0x40,
  0x0F, 0xFE,
  0x0F, 0xFE
};

static GUI_CONST_STORAGE unsigned char acGUI_FontLiberationSans32_005C[ 64] = { /* code 005C, REVERSE SOLIDUS */
  0x00, 0x00,
  0x00, 0x00,
  0x00, 0x00,
  0x00, 0x00,
  0x00, 0x00,
  0xB4, 0x00,
  0xB8, 0x00,
  0x78, 0x00,
  0x3C, 0x00,
  0x2D, 0x00,
  0x1E, 0x00,
  0x0F, 0x00,
  0x0F, 0x40,
  0x0B, 0x40,
  0x07, 0x80,
  0x03, 0xC0,
  0x02, 0xD0,
  0x02, 0xE0,
  0x01, 0xF0,
  0x00, 0xF0,
  0x00, 0xB4,
  0x00, 0x78,
  0x00, 0x3C,
  0x00, 0x3D,
  0x00, 0x2E,
  0x00, 0x1E,
  0x00, 0x00,
  0x00, 0x00,
  0x00, 0x00,
  0x00, 0x00,
  0x00, 0x00,
  0x00, 0x00
};

static GUI_CONST_STORAGE unsigned char acGUI_FontLiberationSans32_005D[ 64] = { /* code 005D, RIGHT SQUARE BRACKET */
  0x00, 0x00,
  0x00, 0x00,
  0x00, 0x00,
  0x00, 0x00,
  0x00, 0x00,
  0xBF, 0xF0,
  0xBF, 0xF0,
  0x01, 0xF0,
  0x01, 0xF0,
  0x01, 0xF0,
  0x01, 0xF0,
  0x01, 0xF0,
  0x01, 0xF0,
  0x01, 0xF0,
  0x01, 0xF0,
  0x01, 0xF0,
  0x01, 0xF0,
  0x01, 0xF0,
  0x01, 0xF0,
  0x01, 0xF0,
  0x01, 0xF0,
  0x01, 0xF0,
  0x01, 0xF0,
  0x01, 0xF0,
  0x01, 0xF0,
  0x01, 0xF0,
  0x01, 0xF0,
  0x01, 0xF0,
  0x01, 0xF0,
  0x01, 0xF0,
  0xBF, 0xF0,
  0xBF, 0xF0
};

static GUI_CONST_STORAGE unsigned char acGUI_FontLiberationSans32_005E[128] = { /* code 005E, CIRCUMFLEX ACCENT */
  0x00, 0x00, 0x00, 0x00,
  0x00, 0x00, 0x00, 0x00,
  0x00, 0x00, 0x00, 0x00,
  0x00, 0x00, 0x00, 0x00,
  0x00, 0x00, 0x00, 0x00,
  0x00, 0x00, 0x00, 0x00,
  0x00, 0x2F, 0x80, 0x00,
  0x00, 0x7F, 0xD0, 0x00,
  0x00, 0xB5, 0xE0, 0x00,
  0x01, 0xE0, 0xF4, 0x00,
  0x02, 0xD0, 0x78, 0x00,
  0x07, 0x80, 0x2D, 0x00,
  0x0F, 0x40, 0x1F, 0x00,
  0x1E, 0x00, 0x0B, 0x40,
  0x3C, 0x00, 0x07, 0xC0,
  0xB8, 0x00, 0x02, 0xE0,
  0x00, 0x00, 0x00, 0x00,
  0x00, 0x00, 0x00, 0x00,
  0x00, 0x00, 0x00, 0x00,
  0x00, 0x00, 0x00, 0x00,
  0x00, 0x00, 0x00, 0x00,
  0x00, 0x00, 0x00, 0x00,
  0x00, 0x00, 0x00, 0x00,
  0x00, 0x00, 0x00, 0x00,
  0x00, 0x00, 0x00, 0x00,
  0x00, 0x00, 0x00, 0x00,
  0x00, 0x00, 0x00, 0x00,
  0x00, 0x00, 0x00, 0x00,
  0x00, 0x00, 0x00, 0x00,
  0x00, 0x00, 0x00, 0x00,
  0x00, 0x00, 0x00, 0x00,
  0x00, 0x00, 0x00, 0x00
};

static GUI_CONST_STORAGE unsigned char acGUI_FontLiberationSans32_005F[128] = { /* code 005F, LOW LINE */
  0x00, 0x00, 0x00, 0x00,
  0x00, 0x00, 0x00, 0x00,
  0x00, 0x00, 0x00, 0x00,
  0x00, 0x00, 0x00, 0x00,
  0x00, 0x00, 0x00, 0x00,
  0x00, 0x00, 0x00, 0x00,
  0x00, 0x00, 0x00, 0x00,
  0x00, 0x00, 0x00, 0x00,
  0x00, 0x00, 0x00, 0x00,
  0x00, 0x00, 0x00, 0x00,
  0x00, 0x00, 0x00, 0x00,
  0x00, 0x00, 0x00, 0x00,
  0x00, 0x00, 0x00, 0x00,
  0x00, 0x00, 0x00, 0x00,
  0x00, 0x00, 0x00, 0x00,
  0x00, 0x00, 0x00, 0x00,
  0x00, 0x00, 0x00, 0x00,
  0x00, 0x00, 0x00, 0x00,
  0x00, 0x00, 0x00, 0x00,
  0x00, 0x00, 0x00, 0x00,
  0x00, 0x00, 0x00, 0x00,
  0x00, 0x00, 0x00, 0x00,
  0x00, 0x00, 0x00, 0x00,
  0x00, 0x00, 0x00, 0x00,
  0x00, 0x00, 0x00, 0x00,
  0x00, 0x00, 0x00, 0x00,
  0x00, 0x00, 0x00, 0x00,
  0x00, 0x00, 0x00, 0x00,
  0x00, 0x00, 0x00, 0x00,
  0x00, 0x00, 0x00, 0x00,
  0xFF, 0xFF, 0xFF, 0xFF,
  0xFF, 0xFF, 0xFF, 0xFF
};

static GUI_CONST_STORAGE unsigned char acGUI_FontLiberationSans32_0060[ 96] = { /* code 0060, GRAVE ACCENT */
  0x00, 0x00, 0x00,
  0x00, 0x00, 0x00,
  0x00, 0x00, 0x00,
  0x00, 0x00, 0x00,
  0x00, 0x00, 0x00,
  0x1F, 0xC0, 0x00,
  0x03, 0xE0, 0x00,
  0x00, 0xB8, 0x00,
  0x00, 0x1E, 0x00,
  0x00, 0x00, 0x00,
  0x00, 0x00, 0x00,
  0x00, 0x00, 0x00,
  0x00, 0x00, 0x00,
  0x00, 0x00, 0x00,
  0x00, 0x00, 0x00,
  0x00, 0x00, 0x00,
  0x00, 0x00, 0x00,
  0x00, 0x00, 0x00,
  0x00, 0x00, 0x00,
  0x00, 0x00, 0x00,
  0x00, 0x00, 0x00,
  0x00, 0x00, 0x00,
  0x00, 0x00, 0x00,
  0x00, 0x00, 0x00,
  0x00, 0x00, 0x00,
  0x00, 0x00, 0x00,
  0x00, 0x00, 0x00,
  0x00, 0x00, 0x00,
  0x00, 0x00, 0x00,
  0x00, 0x00, 0x00,
  0x00, 0x00, 0x00,
  0x00, 0x00, 0x00
};

static GUI_CONST_STORAGE unsigned char acGUI_FontLiberationSans32_0061[128] = { /* code 0061, LATIN SMALL LETTER A */
  0x00, 0x00, 0x00, 0x00,
  0x00, 0x00, 0x00, 0x00,
  0x00, 0x00, 0x00, 0x00,
  0x00, 0x00, 0x00, 0x00,
  0x00, 0x00, 0x00, 0x00,
  0x00, 0x00, 0x00, 0x00,
  0x00, 0x00, 0x00, 0x00,
  0x00, 0x00, 0x00, 0x00,
  0x00, 0x00, 0x00, 0x00,
  0x00, 0x00, 0x00, 0x00,
  0x00, 0x6F, 0xF8, 0x00,
  0x03, 0xFF, 0xFF, 0x40,
  0x0B, 0xD0, 0x0B, 0xC0,
  0x0B, 0x80, 0x03, 0xD0,
  0x00, 0x00, 0x02, 0xE0,
  0x00, 0x00, 0x02, 0xE0,
  0x00, 0x6F, 0xFF, 0xE0,
  0x07, 0xFF, 0xFF, 0xE0,
  0x0F, 0xD0, 0x02, 0xE0,
  0x1F, 0x40, 0x02, 0xE0,
  0x2F, 0x00, 0x03, 0xE0,
  0x2E, 0x00, 0x07, 0xE0,
  0x2F, 0x00, 0x0F, 0xE0,
  0x1F, 0x80, 0x7A, 0xF0,
  0x0B, 0xFF, 0xF1, 0xFE,
  0x02, 0xFF, 0x40, 0xBF,
  0x00, 0x00, 0x00, 0x00,
  0x00, 0x00, 0x00, 0x00,
  0x00, 0x00, 0x00, 0x00,
  0x00, 0x00, 0x00, 0x00,
  0x00, 0x00, 0x00, 0x00,
  0x00, 0x00, 0x00, 0x00
};

static GUI_CONST_STORAGE unsigned char acGUI_FontLiberationSans32_0062[128] = { /* code 0062, LATIN SMALL LETTER B */
  0x00, 0x00, 0x00, 0x00,
  0x00, 0x00, 0x00, 0x00,
  0x00, 0x00, 0x00, 0x00,
  0x00, 0x00, 0x00, 0x00,
  0x00, 0x00, 0x00, 0x00,
  0x0F, 0x40, 0x00, 0x00,
  0x0F, 0x40, 0x00, 0x00,
  0x0F, 0x40, 0x00, 0x00,
  0x0F, 0x40, 0x00, 0x00,
  0x0F, 0x40, 0x00, 0x00,
  0x0F, 0x47, 0xFE, 0x00,
  0x0F, 0x6F, 0xFF, 0xC0,
  0x0F, 0xF4, 0x07, 0xE0,
  0x0F, 0xD0, 0x02, 0xF0,
  0x0F, 0xC0, 0x00, 0xF4,
  0x0F, 0x80, 0x00, 0xF8,
  0x0F, 0x40, 0x00, 0xF8,
  0x0F, 0x40, 0x00, 0xB8,
  0x0F, 0x40, 0x00, 0xB8,
  0x0F, 0x40, 0x00, 0xF8,
  0x0F, 0x80, 0x00, 0xF8,
  0x0F, 0xC0, 0x00, 0xF4,
  0x0F, 0xD0, 0x02, 0xF0,
  0x0F, 0xF4, 0x07, 0xE0,
  0x0F, 0x6F, 0xFF, 0xC0,
  0x0F, 0x47, 0xFE, 0x00,
  0x00, 0x00, 0x00, 0x00,
  0x00, 0x00, 0x00, 0x00,
  0x00, 0x00, 0x00, 0x00,
  0x00, 0x00, 0x00, 0x00,
  0x00, 0x00, 0x00, 0x00,
  0x00, 0x00, 0x00, 0x00
};

static GUI_CONST_STORAGE unsigned char acGUI_FontLiberationSans32_0063[128] = { /* code 0063, LATIN SMALL LETTER C */
  0x00, 0x00, 0x00, 0x00,
  0x00, 0x00, 0x00, 0x00,
  0x00, 0x00, 0x00, 0x00,
  0x00, 0x00, 0x00, 0x00,
  0x00, 0x00, 0x00, 0x00,
  0x00, 0x00, 0x00, 0x00,
  0x00, 0x00, 0x00, 0x00,
  0x00, 0x00, 0x00, 0x00,
  0x00, 0x00, 0x00, 0x00,
  0x00, 0x00, 0x00, 0x00,
  0x00, 0x2F, 0xF8, 0x00,
  0x01, 0xFF, 0xFF, 0x40,
  0x07, 0xE0, 0x0F, 0xC0,
  0x0B, 0x80, 0x03, 0xE0,
  0x1F, 0x40, 0x02, 0xE0,
  0x1F, 0x00, 0x00, 0x00,
  0x2F, 0x00, 0x00, 0x00,
  0x2F, 0x00, 0x00, 0x00,
  0x2F, 0x00, 0x00, 0x00,
  0x2F, 0x00, 0x00, 0x00,
  0x1F, 0x00, 0x00, 0x00,
  0x1F, 0x40, 0x01, 0xF0,
  0x0B, 0xC0, 0x02, 0xE0,
  0x07, 0xF0, 0x0F, 0xD0,
  0x01, 0xFF, 0xFF, 0x40,
  0x00, 0x2F, 0xF8, 0x00,
  0x00, 0x00, 0x00, 0x00,
  0x00, 0x00, 0x00, 0x00,
  0x00, 0x00, 0x00, 0x00,
  0x00, 0x00, 0x00, 0x00,
  0x00, 0x00, 0x00, 0x00,
  0x00, 0x00, 0x00, 0x00
};

static GUI_CONST_STORAGE unsigned char acGUI_FontLiberationSans32_0064[128] = { /* code 0064, LATIN SMALL LETTER D */
  0x00, 0x00, 0x00, 0x00,
  0x00, 0x00, 0x00, 0x00,
  0x00, 0x00, 0x00, 0x00,
  0x00, 0x00, 0x00, 0x00,
  0x00, 0x00, 0x00, 0x00,
  0x00, 0x00, 0x01, 0xF0,
  0x00, 0x00, 0x01, 0xF0,
  0x00, 0x00, 0x01, 0xF0,
  0x00, 0x00, 0x01, 0xF0,
  0x00, 0x00, 0x01, 0xF0,
  0x00, 0xBF, 0xD1, 0xF0,
  0x03, 0xFF, 0xF9, 0xF0,
  0x0B, 0xD0, 0x1F, 0xF0,
  0x0F, 0x80, 0x07, 0xF0,
  0x1F, 0x40, 0x02, 0xF0,
  0x2F, 0x00, 0x02, 0xF0,
  0x2F, 0x00, 0x01, 0xF0,
  0x2E, 0x00, 0x01, 0xF0,
  0x2E, 0x00, 0x01, 0xF0,
  0x2F, 0x00, 0x01, 0xF0,
  0x2F, 0x00, 0x02, 0xF0,
  0x1F, 0x40, 0x03, 0xF0,
  0x0F, 0x80, 0x07, 0xF0,
  0x0B, 0xD0, 0x1F, 0xF0,
  0x03, 0xFF, 0xF9, 0xF0,
  0x00, 0xBF, 0xD1, 0xF0,
  0x00, 0x00, 0x00, 0x00,
  0x00, 0x00, 0x00, 0x00,
  0x00, 0x00, 0x00, 0x00,
  0x00, 0x00, 0x00, 0x00,
  0x00, 0x00, 0x00, 0x00,
  0x00, 0x00, 0x00, 0x00
};

static GUI_CONST_STORAGE unsigned char acGUI_FontLiberationSans32_0065[128] = { /* code 0065, LATIN SMALL LETTER E */
  0x00, 0x00, 0x00, 0x00,
  0x00, 0x00, 0x00, 0x00,
  0x00, 0x00, 0x00, 0x00,
  0x00, 0x00, 0x00, 0x00,
  0x00, 0x00, 0x00, 0x00,
  0x00, 0x00, 0x00, 0x00,
  0x00, 0x00, 0x00, 0x00,
  0x00, 0x00, 0x00, 0x00,
  0x00, 0x00, 0x00, 0x00,
  0x00, 0x00, 0x00, 0x00,
  0x00, 0x2F, 0xF8, 0x00,
  0x01, 0xFF, 0xFF, 0x40,
  0x07, 0xE0, 0x0B, 0xD0,
  0x0F, 0x80, 0x02, 0xE0,
  0x1F, 0x40, 0x01, 0xF0,
  0x1F, 0x00, 0x00, 0xF4,
  0x2F, 0x00, 0x00, 0xF8,
  0x2F, 0xFF, 0xFF, 0xF8,
  0x2F, 0xFF, 0xFF, 0xF8,
  0x2F, 0x00, 0x00, 0x00,
  0x1F, 0x00, 0x00, 0x00,
  0x1F, 0x40, 0x00, 0x00,
  0x0F, 0x80, 0x00, 0xE0,
  0x07, 0xE0, 0x07, 0xE0,
  0x01, 0xFF, 0xFF, 0xC0,
  0x00, 0x2F, 0xF9, 0x00,
  0x00, 0x00, 0x00, 0x00,
  0x00, 0x00, 0x00, 0x00,
  0x00, 0x00, 0x00, 0x00,
  0x00, 0x00, 0x00, 0x00,
  0x00, 0x00, 0x00, 0x00,
  0x00, 0x00, 0x00, 0x00
};

static GUI_CONST_STORAGE unsigned char acGUI_FontLiberationSans32_0066[ 64] = { /* code 0066, LATIN SMALL LETTER F */
  0x00, 0x00,
  0x00, 0x00,
  0x00, 0x00,
  0x00, 0x00,
  0x00, 0x00,
  0x00, 0xFF,
  0x03, 0xFF,
  0x07, 0xD0,
  0x07, 0xC0,
  0x07, 0xC0,
  0xBF, 0xFF,
  0xBF, 0xFE,
  0x07, 0xC0,
  0x07, 0xC0,
  0x07, 0xC0,
  0x07, 0xC0,
  0x07, 0xC0,
  0x07, 0xC0,
  0x07, 0xC0,
  0x07, 0xC0,
  0x07, 0xC0,
  0x07, 0xC0,
  0x07, 0xC0,
  0x07, 0xC0,
  0x07, 0xC0,
  0x07, 0xC0,
  0x00, 0x00,
  0x00, 0x00,
  0x00, 0x00,
  0x00, 0x00,
  0x00, 0x00,
  0x00, 0x00
};

static GUI_CONST_STORAGE unsigned char acGUI_FontLiberationSans32_0067[128] = { /* code 0067, LATIN SMALL LETTER G */
  0x00, 0x00, 0x00, 0x00,
  0x00, 0x00, 0x00, 0x00,
  0x00, 0x00, 0x00, 0x00,
  0x00, 0x00, 0x00, 0x00,
  0x00, 0x00, 0x00, 0x00,
  0x00, 0x00, 0x00, 0x00,
  0x00, 0x00, 0x00, 0x00,
  0x00, 0x00, 0x00, 0x00,
  0x00, 0x00, 0x00, 0x00,
  0x00, 0x00, 0x00, 0x00,
  0x00, 0xBF, 0xD1, 0xF0,
  0x03, 0xFF, 0xF9, 0xF0,
  0x0B, 0xD0, 0x1F, 0xF0,
  0x0F, 0x80, 0x0B, 0xF0,
  0x1F, 0x40, 0x03, 0xF0,
  0x2F, 0x00, 0x02, 0xF0,
  0x2F, 0x00, 0x01, 0xF0,
  0x2E, 0x00, 0x01, 0xF0,
  0x2E, 0x00, 0x01, 0xF0,
  0x2E, 0x00, 0x01, 0xF0,
  0x2F, 0x00, 0x02, 0xF0,
  0x1F, 0x00, 0x03, 0xF0,
  0x0F, 0x40, 0x07, 0xF0,
  0x0B, 0xD0, 0x1E, 0xF0,
  0x03, 0xFF, 0xF5, 0xF0,
  0x00, 0xBF, 0x81, 0xF0,
  0x00, 0x00, 0x01, 0xF0,
  0x00, 0x00, 0x02, 0xE0,
  0x0F, 0x80, 0x03, 0xE0,
  0x0B, 0xD0, 0x0F, 0xC0,
  0x02, 0xFF, 0xFF, 0x40,
  0x00, 0x6F, 0xF8, 0x00
};

static GUI_CONST_STORAGE unsigned char acGUI_FontLiberationSans32_0068[128] = { /* code 0068, LATIN SMALL LETTER H */
  0x00, 0x00, 0x00, 0x00,
  0x00, 0x00, 0x00, 0x00,
  0x00, 0x00, 0x00, 0x00,
  0x00, 0x00, 0x00, 0x00,
  0x00, 0x00, 0x00, 0x00,
  0x0F, 0x40, 0x00, 0x00,
  0x0F, 0x40, 0x00, 0x00,
  0x0F, 0x40, 0x00, 0x00,
  0x0F, 0x40, 0x00, 0x00,
  0x0F, 0x40, 0x00, 0x00,
  0x0F, 0x46, 0xFE, 0x00,
  0x0F, 0x5F, 0xFF, 0xC0,
  0x0F, 0xF4, 0x07, 0xE0,
  0x0F, 0xD0, 0x02, 0xF0,
  0x0F, 0x80, 0x01, 0xF0,
  0x0F, 0x80, 0x01, 0xF0,
  0x0F, 0x40, 0x01, 0xF0,
  0x0F, 0x40, 0x01, 0xF0,
  0x0F, 0x40, 0x01, 0xF0,
  0x0F, 0x40, 0x01, 0xF0,
  0x0F, 0x40, 0x01, 0xF0,
  0x0F, 0x40, 0x01, 0xF0,
  0x0F, 0x40, 0x01, 0xF0,
  0x0F, 0x40, 0x01, 0xF0,
  0x0F, 0x40, 0x01, 0xF0,
  0x0F, 0x40, 0x01, 0xF0,
  0x00, 0x00, 0x00, 0x00,
  0x00, 0x00, 0x00, 0x00,
  0x00, 0x00, 0x00, 0x00,
  0x00, 0x00, 0x00, 0x00,
  0x00, 0x00, 0x00, 0x00,
  0x00, 0x00, 0x00, 0x00
};

static GUI_CONST_STORAGE unsigned char acGUI_FontLiberationSans32_0069[ 64] = { /* code 0069, LATIN SMALL LETTER I */
  0x00, 0x00,
  0x00, 0x00,
  0x00, 0x00,
  0x00, 0x00,
  0x00, 0x00,
  0x0B, 0x80,
  0x0B, 0x80,
  0x01, 0x00,
  0x00, 0x00,
  0x00, 0x00,
  0x0B, 0x80,
  0x0B, 0x80,
  0x0B, 0x80,
  0x0B, 0x80,
  0x0B, 0x80,
  0x0B, 0x80,
  0x0B, 0x80,
  0x0B, 0x80,
  0x0B, 0x80,
  0x0B, 0x80,
  0x0B, 0x80,
  0x0B, 0x80,
  0x0B, 0x80,
  0x0B, 0x80,
  0x0B, 0x80,
  0x0B, 0x80,
  0x00, 0x00,
  0x00, 0x00,
  0x00, 0x00,
  0x00, 0x00,
  0x00, 0x00,
  0x00, 0x00
};

static GUI_CONST_STORAGE unsigned char acGUI_FontLiberationSans32_006A[ 64] = { /* code 006A, LATIN SMALL LETTER J */
  0x00, 0x00,
  0x00, 0x00,
  0x00, 0x00,
  0x00, 0x00,
  0x00, 0x00,
  0x0B, 0x80,
  0x0B, 0x80,
  0x01, 0x00,
  0x00, 0x00,
  0x00, 0x00,
  0x0B, 0x80,
  0x0B, 0x80,
  0x0B, 0x80,
  0x0B, 0x80,
  0x0B, 0x80,
  0x0B, 0x80,
  0x0B, 0x80,
  0x0B, 0x80,
  0x0B, 0x80,
  0x0B, 0x80,
  0x0B, 0x80,
  0x0B, 0x80,
  0x0B, 0x80,
  0x0B, 0x80,
  0x0B, 0x80,
  0x0B, 0x80,
  0x0B, 0x80,
  0x0B, 0x80,
  0x0F, 0x80,
  0x1F, 0x40,
  0xFF, 0x00,
  0xFC, 0x00
};

static GUI_CONST_STORAGE unsigned char acGUI_FontLiberationSans32_006B[128] = { /* code 006B, LATIN SMALL LETTER K */
  0x00, 0x00, 0x00, 0x00,
  0x00, 0x00, 0x00, 0x00,
  0x00, 0x00, 0x00, 0x00,
  0x00, 0x00, 0x00, 0x00,
  0x00, 0x00, 0x00, 0x00,
  0x0F, 0x40, 0x00, 0x00,
  0x0F, 0x40, 0x00, 0x00,
  0x0F, 0x40, 0x00, 0x00,
  0x0F, 0x40, 0x00, 0x00,
  0x0F, 0x40, 0x00, 0x00,
  0x0F, 0x40, 0x0B, 0xD0,
  0x0F, 0x40, 0x1F, 0x40,
  0x0F, 0x40, 0x7D, 0x00,
  0x0F, 0x40, 0xF8, 0x00,
  0x0F, 0x42, 0xE0, 0x00,
  0x0F, 0x4B, 0xC0, 0x00,
  0x0F, 0x5F, 0x00, 0x00,
  0x0F, 0xFF, 0x00, 0x00,
  0x0F, 0xFF, 0x80, 0x00,
  0x0F, 0xD7, 0xD0, 0x00,
  0x0F, 0x42, 0xF0, 0x00,
  0x0F, 0x40, 0xFC, 0x00,
  0x0F, 0x40, 0x7E, 0x00,
  0x0F, 0x40, 0x2F, 0x40,
  0x0F, 0x40, 0x0F, 0xC0,
  0x0F, 0x40, 0x07, 0xE0,
  0x00, 0x00, 0x00, 0x00,
  0x00, 0x00, 0x00, 0x00,
  0x00, 0x00, 0x00, 0x00,
  0x00, 0x00, 0x00, 0x00,
  0x00, 0x00, 0x00, 0x00,
  0x00, 0x00, 0x00, 0x00
};

static GUI_CONST_STORAGE unsigned char acGUI_FontLiberationSans32_006C[ 64] = { /* code 006C, LATIN SMALL LETTER L */
  0x00, 0x00,
  0x00, 0x00,
  0x00, 0x00,
  0x00, 0x00,
  0x00, 0x00,
  0x0B, 0x80,
  0x0B, 0x80,
  0x0B, 0x80,
  0x0B, 0x80,
  0x0B, 0x80,
  0x0B, 0x80,
  0x0B, 0x80,
  0x0B, 0x80,
  0x0B, 0x80,
  0x0B, 0x80,
  0x0B, 0x80,
  0x0B, 0x80,
  0x0B, 0x80,
  0x0B, 0x80,
  0x0B, 0x80,
  0x0B, 0x80,
  0x0B, 0x80,
  0x0B, 0x80,
  0x0B, 0x80,
  0x0B, 0x80,
  0x0B, 0x80,
  0x00, 0x00,
  0x00, 0x00,
  0x00, 0x00,
  0x00, 0x00,
  0x00, 0x00,
  0x00, 0x00
};

static GUI_CONST_STORAGE unsigned char acGUI_FontLiberationSans32_006D[224] = { /* code 006D, LATIN SMALL LETTER M */
  0x00, 0x00, 0x00, 0x00, 0x00, 0x00, 0x00,
  0x00, 0x00, 0x00, 0x00, 0x00, 0x00, 0x00,
  0x00, 0x00, 0x00, 0x00, 0x00, 0x00, 0x00,
  0x00, 0x00, 0x00, 0x00, 0x00, 0x00, 0x00,
  0x00, 0x00, 0x00, 0x00, 0x00, 0x00, 0x00,
  0x00, 0x00, 0x00, 0x00, 0x00, 0x00, 0x00,
  0x00, 0x00, 0x00, 0x00, 0x00, 0x00, 0x00,
  0x00, 0x00, 0x00, 0x00, 0x00, 0x00, 0x00,
  0x00, 0x00, 0x00, 0x00, 0x00, 0x00, 0x00,
  0x00, 0x00, 0x00, 0x00, 0x00, 0x00, 0x00,
  0x0F, 0x47, 0xFE, 0x00, 0xBF, 0x80, 0x00,
  0x0F, 0x5F, 0xFF, 0x87, 0xFF, 0xF0, 0x00,
  0x0F, 0xB4, 0x0B, 0xDE, 0x01, 0xF8, 0x00,
  0x0F, 0xD0, 0x03, 0xF8, 0x00, 0xB8, 0x00,
  0x0F, 0xC0, 0x02, 0xF0, 0x00, 0x7C, 0x00,
  0x0F, 0x80, 0x02, 0xE0, 0x00, 0x7C, 0x00,
  0x0F, 0x80, 0x02, 0xE0, 0x00, 0x7C, 0x00,
  0x0F, 0x80, 0x02, 0xE0, 0x00, 0x7C, 0x00,
  0x0F, 0x80, 0x02, 0xE0, 0x00, 0x7C, 0x00,
  0x0F, 0x80, 0x02, 0xE0, 0x00, 0x7C, 0x00,
  0x0F, 0x80, 0x02, 0xE0, 0x00, 0x7C, 0x00,
  0x0F, 0x80, 0x02, 0xE0, 0x00, 0x7C, 0x00,
  0x0F, 0x80, 0x02, 0xE0, 0x00, 0x7C, 0x00,
  0x0F, 0x80, 0x02, 0xE0, 0x00, 0x7C, 0x00,
  0x0F, 0x80, 0x02, 0xE0, 0x00, 0x7C, 0x00,
  0x0F, 0x80, 0x02, 0xE0, 0x00, 0x7C, 0x00,
  0x00, 0x00, 0x00, 0x00, 0x00, 0x00, 0x00,
  0x00, 0x00, 0x00, 0x00, 0x00, 0x00, 0x00,
  0x00, 0x00, 0x00, 0x00, 0x00, 0x00, 0x00,
  0x00, 0x00, 0x00, 0x00, 0x00, 0x00, 0x00,
  0x00, 0x00, 0x00, 0x00, 0x00, 0x00, 0x00,
  0x00, 0x00, 0x00, 0x00, 0x00, 0x00, 0x00
};

static GUI_CONST_STORAGE unsigned char acGUI_FontLiberationSans32_006E[128] = { /* code 006E, LATIN SMALL LETTER N */
  0x00, 0x00, 0x00, 0x00,
  0x00, 0x00, 0x00, 0x00,
  0x00, 0x00, 0x00, 0x00,
  0x00, 0x00, 0x00, 0x00,
  0x00, 0x00, 0x00, 0x00,
  0x00, 0x00, 0x00, 0x00,
  0x00, 0x00, 0x00, 0x00,
  0x00, 0x00, 0x00, 0x00,
  0x00, 0x00, 0x00, 0x00,
  0x00, 0x00, 0x00, 0x00,
  0x0F, 0x46, 0xFE, 0x00,
  0x0F, 0x5F, 0xFF, 0xC0,
  0x0F, 0xB4, 0x07, 0xE0,
  0x0F, 0xD0, 0x02, 0xF0,
  0x0F, 0x80, 0x01, 0xF0,
  0x0F, 0x80, 0x01, 0xF0,
  0x0F, 0x40, 0x01, 0xF0,
  0x0F, 0x40, 0x01, 0xF0,
  0x0F, 0x40, 0x01, 0xF0,
  0x0F, 0x40, 0x01, 0xF0,
  0x0F, 0x40, 0x01, 0xF0,
  0x0F, 0x40, 0x01, 0xF0,
  0x0F, 0x40, 0x01, 0xF0,
  0x0F, 0x40, 0x01, 0xF0,
  0x0F, 0x40, 0x01, 0xF0,
  0x0F, 0x40, 0x01, 0xF0,
  0x00, 0x00, 0x00, 0x00,
  0x00, 0x00, 0x00, 0x00,
  0x00, 0x00, 0x00, 0x00,
  0x00, 0x00, 0x00, 0x00,
  0x00, 0x00, 0x00, 0x00,
  0x00, 0x00, 0x00, 0x00
};

static GUI_CONST_STORAGE unsigned char acGUI_FontLiberationSans32_006F[128] = { /* code 006F, LATIN SMALL LETTER O */
  0x00, 0x00, 0x00, 0x00,
  0x00, 0x00, 0x00, 0x00,
  0x00, 0x00, 0x00, 0x00,
  0x00, 0x00, 0x00, 0x00,
  0x00, 0x00, 0x00, 0x00,
  0x00, 0x00, 0x00, 0x00,
  0x00, 0x00, 0x00, 0x00,
  0x00, 0x00, 0x00, 0x00,
  0x00, 0x00, 0x00, 0x00,
  0x00, 0x00, 0x00, 0x00,
  0x00, 0x2F, 0xF9, 0x00,
  0x02, 0xFF, 0xFF, 0x80,
  0x07, 0xE0, 0x0B, 0xD0,
  0x0F, 0x80, 0x02, 0xF0,
  0x1F, 0x40, 0x01, 0xF4,
  0x2F, 0x00, 0x00, 0xF8,
  0x2F, 0x00, 0x00, 0xF8,
  0x2E, 0x00, 0x00, 0xB8,
  0x2E, 0x00, 0x00, 0xB8,
  0x2F, 0x00, 0x00, 0xF8,
  0x1F, 0x00, 0x00, 0xF8,
  0x1F, 0x40, 0x01, 0xF4,
  0x0F, 0x80, 0x02, 0xF0,
  0x07, 0xE0, 0x0B, 0xD0,
  0x01, 0xFF, 0xFF, 0x40,
  0x00, 0x2F, 0xF8, 0x00,
  0x00, 0x00, 0x00, 0x00,
  0x00, 0x00, 0x00, 0x00,
  0x00, 0x00, 0x00, 0x00,
  0x00, 0x00, 0x00, 0x00,
  0x00, 0x00, 0x00, 0x00,
  0x00, 0x00, 0x00, 0x00
};

static GUI_CONST_STORAGE unsigned char acGUI_FontLiberationSans32_0070[128] = { /* code 0070, LATIN SMALL LETTER P */
  0x00, 0x00, 0x00, 0x00,
  0x00, 0x00, 0x00, 0x00,
  0x00, 0x00, 0x00, 0x00,
  0x00, 0x00, 0x00, 0x00,
  0x00, 0x00, 0x00, 0x00,
  0x00, 0x00, 0x00, 0x00,
  0x00, 0x00, 0x00, 0x00,
  0x00, 0x00, 0x00, 0x00,
  0x00, 0x00, 0x00, 0x00,
  0x00, 0x00, 0x00, 0x00,
  0x0F, 0x47, 0xFE, 0x00,
  0x0F, 0x6F, 0xFF, 0xC0,
  0x0F, 0xF4, 0x07, 0xE0,
  0x0F, 0xD0, 0x02, 0xF0,
  0x0F, 0xC0, 0x01, 0xF4,
  0x0F, 0x80, 0x00, 0xF8,
  0x0F, 0x40, 0x00, 0xF8,
  0x0F, 0x40, 0x00, 0xB8,
  0x0F, 0x40, 0x00, 0xB8,
  0x0F, 0x40, 0x00, 0xF8,
  0x0F, 0x80, 0x00, 0xF8,
  0x0F, 0xC0, 0x00, 0xF4,
  0x0F, 0xD0, 0x02, 0xF0,
  0x0F, 0xF4, 0x07, 0xE0,
  0x0F, 0x6F, 0xFF, 0xC0,
  0x0F, 0x47, 0xFE, 0x00,
  0x0F, 0x40, 0x00, 0x00,
  0x0F, 0x40, 0x00, 0x00,
  0x0F, 0x40, 0x00, 0x00,
  0x0F, 0x40, 0x00, 0x00,
  0x0F, 0x40, 0x00, 0x00,
  0x0F, 0x40, 0x00, 0x00
};

static GUI_CONST_STORAGE unsigned char acGUI_FontLiberationSans32_0071[128] = { /* code 0071, LATIN SMALL LETTER Q */
  0x00, 0x00, 0x00, 0x00,
  0x00, 0x00, 0x00, 0x00,
  0x00, 0x00, 0x00, 0x00,
  0x00, 0x00, 0x00, 0x00,
  0x00, 0x00, 0x00, 0x00,
  0x00, 0x00, 0x00, 0x00,
  0x00, 0x00, 0x00, 0x00,
  0x00, 0x00, 0x00, 0x00,
  0x00, 0x00, 0x00, 0x00,
  0x00, 0x00, 0x00, 0x00,
  0x00, 0xBF, 0xD1, 0xF0,
  0x03, 0xFF, 0xF9, 0xF0,
  0x0B, 0xD0, 0x1F, 0xF0,
  0x0F, 0x80, 0x07, 0xF0,
  0x1F, 0x40, 0x02, 0xF0,
  0x2F, 0x00, 0x02, 0xF0,
  0x2F, 0x00, 0x01, 0xF0,
  0x2E, 0x00, 0x01, 0xF0,
  0x2E, 0x00, 0x01, 0xF0,
  0x2F, 0x00, 0x01, 0xF0,
  0x2F, 0x00, 0x02, 0xF0,
  0x1F, 0x40, 0x03, 0xF0,
  0x0F, 0x80, 0x07, 0xF0,
  0x0B, 0xD0, 0x1F, 0xF0,
  0x03, 0xFF, 0xF9, 0xF0,
  0x00, 0xBF, 0xD1, 0xF0,
  0x00, 0x00, 0x01, 0xF0,
  0x00, 0x00, 0x01, 0xF0,
  0x00, 0x00, 0x01, 0xF0,
  0x00, 0x00, 0x01, 0xF0,
  0x00, 0x00, 0x01, 0xF0,
  0x00, 0x00, 0x01, 0xF0
};

static GUI_CONST_STORAGE unsigned char acGUI_FontLiberationSans32_0072[ 96] = { /* code 0072, LATIN SMALL LETTER R */
  0x00, 0x00, 0x00,
  0x00, 0x00, 0x00,
  0x00, 0x00, 0x00,
  0x00, 0x00, 0x00,
  0x00, 0x00, 0x00,
  0x00, 0x00, 0x00,
  0x00, 0x00, 0x00,
  0x00, 0x00, 0x00,
  0x00, 0x00, 0x00,
  0x00, 0x00, 0x00,
  0x0F, 0x4B, 0xD0,
  0x0F, 0x5F, 0xD0,
  0x0F, 0xBD, 0x40,
  0x0F, 0xE0, 0x00,
  0x0F, 0xC0, 0x00,
  0x0F, 0x80, 0x00,
  0x0F, 0x80, 0x00,
  0x0F, 0x80, 0x00,
  0x0F, 0x80, 0x00,
  0x0F, 0x80, 0x00,
  0x0F, 0x80, 0x00,
  0x0F, 0x80, 0x00,
  0x0F, 0x80, 0x00,
  0x0F, 0x80, 0x00,
  0x0F, 0x80, 0x00,
  0x0F, 0x80, 0x00,
  0x00, 0x00, 0x00,
  0x00, 0x00, 0x00,
  0x00, 0x00, 0x00,
  0x00, 0x00, 0x00,
  0x00, 0x00, 0x00,
  0x00, 0x00, 0x00
};

static GUI_CONST_STORAGE unsigned char acGUI_FontLiberationSans32_0073[128] = { /* code 0073, LATIN SMALL LETTER S */
  0x00, 0x00, 0x00, 0x00,
  0x00, 0x00, 0x00, 0x00,
  0x00, 0x00, 0x00, 0x00,
  0x00, 0x00, 0x00, 0x00,
  0x00, 0x00, 0x00, 0x00,
  0x00, 0x00, 0x00, 0x00,
  0x00, 0x00, 0x00, 0x00,
  0x00, 0x00, 0x00, 0x00,
  0x00, 0x00, 0x00, 0x00,
  0x00, 0x00, 0x00, 0x00,
  0x00, 0xBF, 0xF8, 0x00,
  0x07, 0xFF, 0xFF, 0x40,
  0x0F, 0x80, 0x0B, 0xC0,
  0x1F, 0x00, 0x02, 0xD0,
  0x1F, 0x00, 0x00, 0x00,
  0x1F, 0x80, 0x00, 0x00,
  0x0B, 0xFD, 0x00, 0x00,
  0x02, 0xFF, 0xF8, 0x00,
  0x00, 0x1B, 0xFF, 0x80,
  0x00, 0x00, 0x1F, 0xD0,
  0x00, 0x00, 0x02, 0xE0,
  0x00, 0x00, 0x01, 0xE0,
  0x3D, 0x00, 0x02, 0xE0,
  0x2F, 0x40, 0x0B, 0xD0,
  0x0B, 0xFF, 0xFF, 0x80,
  0x01, 0xBF, 0xF8, 0x00,
  0x00, 0x00, 0x00, 0x00,
  0x00, 0x00, 0x00, 0x00,
  0x00, 0x00, 0x00, 0x00,
  0x00, 0x00, 0x00, 0x00,
  0x00, 0x00, 0x00, 0x00,
  0x00, 0x00, 0x00, 0x00
};

static GUI_CONST_STORAGE unsigned char acGUI_FontLiberationSans32_0074[ 64] = { /* code 0074, LATIN SMALL LETTER T */
  0x00, 0x00,
  0x00, 0x00,
  0x00, 0x00,
  0x00, 0x00,
  0x00, 0x00,
  0x00, 0x00,
  0x00, 0x00,
  0x03, 0x80,
  0x07, 0x80,
  0x0B, 0x80,
  0x7F, 0xFD,
  0x7F, 0xFD,
  0x0B, 0x80,
  0x0B, 0x80,
  0x0B, 0x80,
  0x0B, 0x80,
  0x0B, 0x80,
  0x0B, 0x80,
  0x0B, 0x80,
  0x0B, 0x80,
  0x0B, 0x80,
  0x0B, 0x80,
  0x0B, 0x80,
  0x0B, 0xC0,
  0x07, 0xFE,
  0x02, 0xFE,
  0x00, 0x00,
  0x00, 0x00,
  0x00, 0x00,
  0x00, 0x00,
  0x00, 0x00,
  0x00, 0x00
};

static GUI_CONST_STORAGE unsigned char acGUI_FontLiberationSans32_0075[128] = { /* code 0075, LATIN SMALL LETTER U */
  0x00, 0x00, 0x00, 0x00,
  0x00, 0x00, 0x00, 0x00,
  0x00, 0x00, 0x00, 0x00,
  0x00, 0x00, 0x00, 0x00,
  0x00, 0x00, 0x00, 0x00,
  0x00, 0x00, 0x00, 0x00,
  0x00, 0x00, 0x00, 0x00,
  0x00, 0x00, 0x00, 0x00,
  0x00, 0x00, 0x00, 0x00,
  0x00, 0x00, 0x00, 0x00,
  0x0F, 0x40, 0x01, 0xF0,
  0x0F, 0x40, 0x01, 0xF0,
  0x0F, 0x40, 0x01, 0xF0,
  0x0F, 0x40, 0x01, 0xF0,
  0x0F, 0x40, 0x01, 0xF0,
  0x0F, 0x40, 0x01, 0xF0,
  0x0F, 0x40, 0x01, 0xF0,
  0x0F, 0x40, 0x01, 0xF0,
  0x0F, 0x40, 0x01, 0xF0,
  0x0F, 0x40, 0x01, 0xF0,
  0x0F, 0x40, 0x02, 0xF0,
  0x0F, 0x40, 0x03, 0xF0,
  0x0F, 0x80, 0x07, 0xF0,
  0x0B, 0xD0, 0x1F, 0xF0,
  0x03, 0xFF, 0xF5, 0xF0,
  0x00, 0xBF, 0xD1, 0xF0,
  0x00, 0x00, 0x00, 0x00,
  0x00, 0x00, 0x00, 0x00,
  0x00, 0x00, 0x00, 0x00,
  0x00, 0x00, 0x00, 0x00,
  0x00, 0x00, 0x00, 0x00,
  0x00, 0x00, 0x00, 0x00
};

static GUI_CONST_STORAGE unsigned char acGUI_FontLiberationSans32_0076[128] = { /* code 0076, LATIN SMALL LETTER V */
  0x00, 0x00, 0x00, 0x00,
  0x00, 0x00, 0x00, 0x00,
  0x00, 0x00, 0x00, 0x00,
  0x00, 0x00, 0x00, 0x00,
  0x00, 0x00, 0x00, 0x00,
  0x00, 0x00, 0x00, 0x00,
  0x00, 0x00, 0x00, 0x00,
  0x00, 0x00, 0x00, 0x00,
  0x00, 0x00, 0x00, 0x00,
  0x00, 0x00, 0x00, 0x00,
  0xBC, 0x00, 0x0F, 0x80,
  0x7C, 0x00, 0x0F, 0x40,
  0x3D, 0x00, 0x1F, 0x00,
  0x2E, 0x00, 0x2E, 0x00,
  0x1F, 0x00, 0x3D, 0x00,
  0x0F, 0x40, 0x7C, 0x00,
  0x0F, 0x40, 0x78, 0x00,
  0x0B, 0x80, 0xB8, 0x00,
  0x07, 0xC0, 0xF4, 0x00,
  0x03, 0xD1, 0xF0, 0x00,
  0x02, 0xE2, 0xE0, 0x00,
  0x01, 0xE3, 0xD0, 0x00,
  0x00, 0xF7, 0xC0, 0x00,
  0x00, 0xBF, 0x80, 0x00,
  0x00, 0x7F, 0x40, 0x00,
  0x00, 0x3F, 0x00, 0x00,
  0x00, 0x00, 0x00, 0x00,
  0x00, 0x00, 0x00, 0x00,
  0x00, 0x00, 0x00, 0x00,
  0x00, 0x00, 0x00, 0x00,
  0x00, 0x00, 0x00, 0x00,
  0x00, 0x00, 0x00, 0x00
};

static GUI_CONST_STORAGE unsigned char acGUI_FontLiberationSans32_0077[192] = { /* code 0077, LATIN SMALL LETTER W */
  0x00, 0x00, 0x00, 0x00, 0x00, 0x00,
  0x00, 0x00, 0x00, 0x00, 0x00, 0x00,
  0x00, 0x00, 0x00, 0x00, 0x00, 0x00,
  0x00, 0x00, 0x00, 0x00, 0x00, 0x00,
  0x00, 0x00, 0x00, 0x00, 0x00, 0x00,
  0x00, 0x00, 0x00, 0x00, 0x00, 0x00,
  0x00, 0x00, 0x00, 0x00, 0x00, 0x00,
  0x00, 0x00, 0x00, 0x00, 0x00, 0x00,
  0x00, 0x00, 0x00, 0x00, 0x00, 0x00,
  0x00, 0x00, 0x00, 0x00, 0x00, 0x00,
  0xB8, 0x00, 0x3F, 0x00, 0x07, 0xC0,
  0xB8, 0x00, 0x3F, 0x40, 0x0B, 0x80,
  0x7C, 0x00, 0x7F, 0x40, 0x0F, 0x40,
  0x3D, 0x00, 0xB7, 0x80, 0x1F, 0x00,
  0x2D, 0x00, 0xF3, 0xC0, 0x1E, 0x00,
  0x1E, 0x00, 0xE2, 0xC0, 0x2D, 0x00,
  0x1F, 0x01, 0xD1, 0xD0, 0x3D, 0x00,
  0x0F, 0x42, 0xD1, 0xE0, 0x7C, 0x00,
  0x0B, 0x43, 0xC0, 0xF0, 0x78, 0x00,
  0x07, 0x83, 0x80, 0xB0, 0xB4, 0x00,
  0x03, 0xC7, 0x40, 0xB4, 0xF0, 0x00,
  0x03, 0xCB, 0x40, 0x79, 0xE0, 0x00,
  0x02, 0xDF, 0x00, 0x39, 0xE0, 0x00,
  0x01, 0xFE, 0x00, 0x2F, 0xD0, 0x00,
  0x00, 0xFD, 0x00, 0x2F, 0xC0, 0x00,
  0x00, 0xBD, 0x00, 0x1F, 0x80, 0x00,
  0x00, 0x00, 0x00, 0x00, 0x00, 0x00,
  0x00, 0x00, 0x00, 0x00, 0x00, 0x00,
  0x00, 0x00, 0x00, 0x00, 0x00, 0x00,
  0x00, 0x00, 0x00, 0x00, 0x00, 0x00,
  0x00, 0x00, 0x00, 0x00, 0x00, 0x00,
  0x00, 0x00, 0x00, 0x00, 0x00, 0x00
};

static GUI_CONST_STORAGE unsigned char acGUI_FontLiberationSans32_0078[128] = { /* code 0078, LATIN SMALL LETTER X */
  0x00, 0x00, 0x00, 0x00,
  0x00, 0x00, 0x00, 0x00,
  0x00, 0x00, 0x00, 0x00,
  0x00, 0x00, 0x00, 0x00,
  0x00, 0x00, 0x00, 0x00,
  0x00, 0x00, 0x00, 0x00,
  0x00, 0x00, 0x00, 0x00,
  0x00, 0x00, 0x00, 0x00,
  0x00, 0x00, 0x00, 0x00,
  0x00, 0x00, 0x00, 0x00,
  0x3E, 0x00, 0x2F, 0x00,
  0x2F, 0x00, 0x3D, 0x00,
  0x0F, 0x80, 0xBC, 0x00,
  0x07, 0xC0, 0xF4, 0x00,
  0x02, 0xE2, 0xE0, 0x00,
  0x01, 0xF7, 0xC0, 0x00,
  0x00, 0xBF, 0x80, 0x00,
  0x00, 0x3F, 0x00, 0x00,
  0x00, 0x7F, 0x40, 0x00,
  0x00, 0xFF, 0xC0, 0x00,
  0x01, 0xF3, 0xD0, 0x00,
  0x03, 0xD1, 0xF0, 0x00,
  0x0B, 0x80, 0xF8, 0x00,
  0x1F, 0x40, 0x7D, 0x00,
  0x2E, 0x00, 0x2E, 0x00,
  0x7D, 0x00, 0x1F, 0x40,
  0x00, 0x00, 0x00, 0x00,
  0x00, 0x00, 0x00, 0x00,
  0x00, 0x00, 0x00, 0x00,
  0x00, 0x00, 0x00, 0x00,
  0x00, 0x00, 0x00, 0x00,
  0x00, 0x00, 0x00, 0x00
};

static GUI_CONST_STORAGE unsigned char acGUI_FontLiberationSans32_0079[128] = { /* code 0079, LATIN SMALL LETTER Y */
  0x00, 0x00, 0x00, 0x00,
  0x00, 0x00, 0x00, 0x00,
  0x00, 0x00, 0x00, 0x00,
  0x00, 0x00, 0x00, 0x00,
  0x00, 0x00, 0x00, 0x00,
  0x00, 0x00, 0x00, 0x00,
  0x00, 0x00, 0x00, 0x00,
  0x00, 0x00, 0x00, 0x00,
  0x00, 0x00, 0x00, 0x00,
  0x00, 0x00, 0x00, 0x00,
  0xBC, 0x00, 0x0B, 0x80,
  0x7C, 0x00, 0x0F, 0x40,
  0x3D, 0x00, 0x1F, 0x00,
  0x2E, 0x00, 0x2E, 0x00,
  0x1F, 0x00, 0x3D, 0x00,
  0x0F, 0x40, 0x3C, 0x00,
  0x0B, 0x80, 0x78, 0x00,
  0x07, 0xC0, 0xB4, 0x00,
  0x03, 0xD0, 0xF0, 0x00,
  0x02, 0xE1, 0xE0, 0x00,
  0x01, 0xF2, 0xD0, 0x00,
  0x00, 0xF2, 0xC0, 0x00,
  0x00, 0xBB, 0x80, 0x00,
  0x00, 0x7F, 0x80, 0x00,
  0x00, 0x3F, 0x40, 0x00,
  0x00, 0x2F, 0x00, 0x00,
  0x00, 0x2E, 0x00, 0x00,
  0x00, 0x3C, 0x00, 0x00,
  0x00, 0xB8, 0x00, 0x00,
  0x02, 0xF4, 0x00, 0x00,
  0x3F, 0xD0, 0x00, 0x00,
  0x3F, 0x40, 0x00, 0x00
};

static GUI_CONST_STORAGE unsigned char acGUI_FontLiberationSans32_007A[128] = { /* code 007A, LATIN SMALL LETTER Z */
  0x00, 0x00, 0x00, 0x00,
  0x00, 0x00, 0x00, 0x00,
  0x00, 0x00, 0x00, 0x00,
  0x00, 0x00, 0x00, 0x00,
  0x00, 0x00, 0x00, 0x00,
  0x00, 0x00, 0x00, 0x00,
  0x00, 0x00, 0x00, 0x00,
  0x00, 0x00, 0x00, 0x00,
  0x00, 0x00, 0x00, 0x00,
  0x00, 0x00, 0x00, 0x00,
  0x1F, 0xFF, 0xFF, 0x40,
  0x1F, 0xFF, 0xFF, 0x40,
  0x00, 0x00, 0x3F, 0x00,
  0x00, 0x00, 0xBD, 0x00,
  0x00, 0x01, 0xF8, 0x00,
  0x00, 0x03, 0xF0, 0x00,
  0x00, 0x0B, 0xC0, 0x00,
  0x00, 0x1F, 0x40, 0x00,
  0x00, 0x3E, 0x00, 0x00,
  0x00, 0xBC, 0x00, 0x00,
  0x01, 0xF4, 0x00, 0x00,
  0x03, 0xE0, 0x00, 0x00,
  0x0B, 0xC0, 0x00, 0x00,
  0x1F, 0x40, 0x00, 0x00,
  0x2F, 0xFF, 0xFF, 0x80,
  0x2F, 0xFF, 0xFF, 0x80,
  0x00, 0x00, 0x00, 0x00,
  0x00, 0x00, 0x00, 0x00,
  0x00, 0x00, 0x00, 0x00,
  0x00, 0x00, 0x00, 0x00,
  0x00, 0x00, 0x00, 0x00,
  0x00, 0x00, 0x00, 0x00
};

static GUI_CONST_STORAGE unsigned char acGUI_FontLiberationSans32_007B[ 96] = { /* code 007B, LEFT CURLY BRACKET */
  0x00, 0x00, 0x00,
  0x00, 0x00, 0x00,
  0x00, 0x00, 0x00,
  0x00, 0x00, 0x00,
  0x00, 0x00, 0x00,
  0x00, 0x2F, 0xD0,
  0x00, 0xBF, 0xD0,
  0x00, 0xF8, 0x00,
  0x01, 0xF0, 0x00,
  0x01, 0xF0, 0x00,
  0x01, 0xF0, 0x00,
  0x01, 0xF0, 0x00,
  0x01, 0xF0, 0x00,
  0x01, 0xF0, 0x00,
  0x01, 0xF0, 0x00,
  0x02, 0xE0, 0x00,
  0x0B, 0xD0, 0x00,
  0x7F, 0x40, 0x00,
  0x7F, 0x40, 0x00,
  0x07, 0xD0, 0x00,
  0x02, 0xE0, 0x00,
  0x01, 0xF0, 0x00,
  0x01, 0xF0, 0x00,
  0x01, 0xF0, 0x00,
  0x01, 0xF0, 0x00,
  0x01, 0xF0, 0x00,
  0x01, 0xF0, 0x00,
  0x01, 0xF0, 0x00,
  0x01, 0xF0, 0x00,
  0x00, 0xF8, 0x00,
  0x00, 0xBF, 0xD0,
  0x00, 0x1F, 0xD0
};

static GUI_CONST_STORAGE unsigned char acGUI_FontLiberationSans32_007C[ 64] = { /* code 007C, VERTICAL LINE */
  0x00, 0x00,
  0x00, 0x00,
  0x00, 0x00,
  0x00, 0x00,
  0x00, 0x00,
  0x07, 0xC0,
  0x07, 0xC0,
  0x07, 0xC0,
  0x07, 0xC0,
  0x07, 0xC0,
  0x07, 0xC0,
  0x07, 0xC0,
  0x07, 0xC0,
  0x07, 0xC0,
  0x07, 0xC0,
  0x07, 0xC0,
  0x07, 0xC0,
  0x07, 0xC0,
  0x07, 0xC0,
  0x07, 0xC0,
  0x07, 0xC0,
  0x07, 0xC0,
  0x07, 0xC0,
  0x07, 0xC0,
  0x07, 0xC0,
  0x07, 0xC0,
  0x07, 0xC0,
  0x07, 0xC0,
  0x07, 0xC0,
  0x07, 0xC0,
  0x07, 0xC0,
  0x07, 0xC0
};

static GUI_CONST_STORAGE unsigned char acGUI_FontLiberationSans32_007D[ 96] = { /* code 007D, RIGHT CURLY BRACKET */
  0x00, 0x00, 0x00,
  0x00, 0x00, 0x00,
  0x00, 0x00, 0x00,
  0x00, 0x00, 0x00,
  0x00, 0x00, 0x00,
  0x7F, 0x80, 0x00,
  0x7F, 0xE0, 0x00,
  0x02, 0xF0, 0x00,
  0x00, 0xF4, 0x00,
  0x00, 0xF4, 0x00,
  0x00, 0xF4, 0x00,
  0x00, 0xF4, 0x00,
  0x00, 0xF4, 0x00,
  0x00, 0xF4, 0x00,
  0x00, 0xF4, 0x00,
  0x00, 0xF8, 0x00,
  0x00, 0x7D, 0x00,
  0x00, 0x1F, 0xD0,
  0x00, 0x2F, 0xD0,
  0x00, 0x7D, 0x00,
  0x00, 0xF4, 0x00,
  0x00, 0xF4, 0x00,
  0x00, 0xF4, 0x00,
  0x00, 0xF4, 0x00,
  0x00, 0xF4, 0x00,
  0x00, 0xF4, 0x00,
  0x00, 0xF4, 0x00,
  0x00, 0xF4, 0x00,
  0x01, 0xF0, 0x00,
  0x02, 0xF0, 0x00,
  0x7F, 0xD0, 0x00,
  0x7F, 0x40, 0x00
};

static GUI_CONST_STORAGE unsigned char acGUI_FontLiberationSans32_007E[160] = { /* code 007E, TILDE */
  0x00, 0x00, 0x00, 0x00, 0x00,
  0x00, 0x00, 0x00, 0x00, 0x00,
  0x00, 0x00, 0x00, 0x00, 0x00,
  0x00, 0x00, 0x00, 0x00, 0x00,
  0x00, 0x00, 0x00, 0x00, 0x00,
  0x00, 0x00, 0x00, 0x00, 0x00,
  0x00, 0x00, 0x00, 0x00, 0x00,
  0x00, 0x00, 0x00, 0x00, 0x00,
  0x00, 0x00, 0x00, 0x00, 0x00,
  0x00, 0x00, 0x00, 0x00, 0x00,
  0x00, 0x00, 0x00, 0x00, 0x00,
  0x00, 0x00, 0x00, 0x00, 0x00,
  0x00, 0x00, 0x00, 0x00, 0x00,
  0x00, 0x00, 0x00, 0x00, 0x00,
  0x07, 0xFD, 0x00, 0x01, 0x00,
  0x1F, 0xFF, 0xE0, 0x0E, 0x00,
  0x2C, 0x02, 0xFF, 0xFE, 0x00,
  0x10, 0x00, 0x1F, 0xF4, 0x00,
  0x00, 0x00, 0x00, 0x00, 0x00,
  0x00, 0x00, 0x00, 0x00, 0x00,
  0x00, 0x00, 0x00, 0x00, 0x00,
  0x00, 0x00, 0x00, 0x00, 0x00,
  0x00, 0x00, 0x00, 0x00, 0x00,
  0x00, 0x00, 0x00, 0x00, 0x00,
  0x00, 0x00, 0x00, 0x00, 0x00,
  0x00, 0x00, 0x00, 0x00, 0x00,
  0x00, 0x00, 0x00, 0x00, 0x00,
  0x00, 0x00, 0x00, 0x00, 0x00,
  0x00, 0x00, 0x00, 0x00, 0x00,
  0x00, 0x00, 0x00, 0x00, 0x00,
  0x00, 0x00, 0x00, 0x00, 0x00,
  0x00, 0x00, 0x00, 0x00, 0x00
};

static GUI_CONST_STORAGE unsigned char acGUI_FontLiberationSans32_007F[192] = { /* code 007F, <control> */
  0x00, 0x00, 0x00, 0x00, 0x00, 0x00,
  0x00, 0x00, 0x00, 0x00, 0x00, 0x00,
  0x00, 0x00, 0x00, 0x00, 0x00, 0x00,
  0x00, 0x00, 0x00, 0x00, 0x00, 0x00,
  0x00, 0x00, 0x00, 0x00, 0x00, 0x00,
  0x7F, 0xFD, 0x00, 0x00, 0x00, 0x00,
  0x75, 0x5D, 0x00, 0x00, 0x00, 0x00,
  0x70, 0x0D, 0x00, 0x00, 0x00, 0x00,
  0x70, 0x0D, 0x00, 0x00, 0x00, 0x00,
  0x70, 0x0D, 0x00, 0x00, 0x00, 0x00,
  0x70, 0x0D, 0x00, 0x00, 0x00, 0x00,
  0x70, 0x0D, 0x00, 0x00, 0x00, 0x00,
  0x70, 0x0D, 0x00, 0x00, 0x00, 0x00,
  0x70, 0x0D, 0x00, 0x00, 0x00, 0x00,
  0x70, 0x0D, 0x00, 0x00, 0x00, 0x00,
  0x70, 0x0D, 0x00, 0x00, 0x00, 0x00,
  0x70, 0x0D, 0x00, 0x00, 0x00, 0x00,
  0x70, 0x0D, 0x00, 0x00, 0x00, 0x00,
  0x70, 0x0D, 0x00, 0x00, 0x00, 0x00,
  0x70, 0x0D, 0x00, 0x00, 0x00, 0x00,
  0x70, 0x0D, 0x00, 0x00, 0x00, 0x00,
  0x70, 0x0D, 0x00, 0x00, 0x00, 0x00,
  0x70, 0x0D, 0x00, 0x00, 0x00, 0x00,
  0x70, 0x0D, 0x00, 0x00, 0x00, 0x00,
  0x75, 0x5D, 0x00, 0x00, 0x00, 0x00,
  0x7F, 0xFD, 0x00, 0x00, 0x00, 0x00,
  0x00, 0x00, 0x00, 0x00, 0x00, 0x00,
  0x00, 0x00, 0x00, 0x00, 0x00, 0x00,
  0x00, 0x00, 0x00, 0x00, 0x00, 0x00,
  0x00, 0x00, 0x00, 0x00, 0x00, 0x00,
  0x00, 0x00, 0x00, 0x00, 0x00, 0x00,
  0x00, 0x00, 0x00, 0x00, 0x00, 0x00
};

/* Start of unicode area <Latin-1 Supplement> */
static GUI_CONST_STORAGE unsigned char acGUI_FontLiberationSans32_00C1[ 32] = { /* code 00C1, LATIN CAPITAL LETTER A WITH ACUTE */
  0x00,
  0x00,
  0x00,
  0x00,
  0x00,
  0x00,
  0x00,
  0x00,
  0x00,
  0x00,
  0x00,
  0x00,
  0x00,
  0x00,
  0x00,
  0x00,
  0x00,
  0x00,
  0x00,
  0x00,
  0x00,
  0x00,
  0x00,
  0x00,
  0x00,
  0x00,
  0x00,
  0x00,
  0x00,
  0x00,
  0x00,
  0x00
};

static GUI_CONST_STORAGE unsigned char acGUI_FontLiberationSans32_00C7[192] = { /* code 00C7, LATIN CAPITAL LETTER C WITH CEDILLA */
  0x00, 0x00, 0x00, 0x00, 0x00, 0x00,
  0x00, 0x00, 0x00, 0x00, 0x00, 0x00,
  0x00, 0x00, 0x00, 0x00, 0x00, 0x00,
  0x00, 0x00, 0x00, 0x00, 0x00, 0x00,
  0x00, 0x00, 0x00, 0x00, 0x00, 0x00,
  0x00, 0x00, 0x00, 0x00, 0x00, 0x00,
  0x00, 0x01, 0xBF, 0xF8, 0x00, 0x00,
  0x00, 0x1F, 0xFF, 0xFF, 0x80, 0x00,
  0x00, 0xBF, 0x90, 0x1F, 0xF0, 0x00,
  0x02, 0xF8, 0x00, 0x02, 0xF8, 0x00,
  0x07, 0xE0, 0x00, 0x00, 0xBD, 0x00,
  0x0B, 0xC0, 0x00, 0x00, 0x34, 0x00,
  0x0F, 0x80, 0x00, 0x00, 0x00, 0x00,
  0x1F, 0x40, 0x00, 0x00, 0x00, 0x00,
  0x1F, 0x40, 0x00, 0x00, 0x00, 0x00,
  0x1F, 0x00, 0x00, 0x00, 0x00, 0x00,
  0x1F, 0x00, 0x00, 0x00, 0x00, 0x00,
  0x1F, 0x40, 0x00, 0x00, 0x00, 0x00,
  0x1F, 0x40, 0x00, 0x00, 0x00, 0x00,
  0x0F, 0x80, 0x00, 0x00, 0x00, 0x00,
  0x0B, 0xD0, 0x00, 0x00, 0x28, 0x00,
  0x07, 0xF0, 0x00, 0x00, 0x7E, 0x00,
  0x02, 0xFC, 0x00, 0x01, 0xFC, 0x00,
  0x00, 0xBF, 0x90, 0x1F, 0xF0, 0x00,
  0x00, 0x1F, 0xFF, 0xFF, 0x80, 0x00,
  0x00, 0x01, 0xBF, 0xF4, 0x00, 0x00,
  0x00, 0x00, 0x0A, 0x00, 0x00, 0x00,
  0x00, 0x00, 0x0F, 0xC0, 0x00, 0x00,
  0x00, 0x00, 0x00, 0xF0, 0x00, 0x00,
  0x00, 0x00, 0x00, 0xB0, 0x00, 0x00,
  0x00, 0x00, 0x06, 0xE0, 0x00, 0x00,
  0x00, 0x00, 0x3F, 0x80, 0x00, 0x00
};

static GUI_CONST_STORAGE unsigned char acGUI_FontLiberationSans32_00D0[192] = { /* code 00D0, LATIN CAPITAL LETTER ETH */
  0x00, 0x03, 0x80, 0x07, 0x40, 0x00,
  0x00, 0x02, 0xD0, 0x1E, 0x00, 0x00,
  0x00, 0x00, 0xFF, 0xFC, 0x00, 0x00,
  0x00, 0x00, 0x2F, 0xE0, 0x00, 0x00,
  0x00, 0x00, 0x00, 0x00, 0x00, 0x00,
  0x00, 0x00, 0x00, 0x00, 0x00, 0x00,
  0x00, 0x01, 0xBF, 0xF9, 0x00, 0x00,
  0x00, 0x1F, 0xFF, 0xFF, 0xD0, 0x00,
  0x00, 0xBF, 0x90, 0x1B, 0xF8, 0x00,
  0x02, 0xF8, 0x00, 0x00, 0xFD, 0x00,
  0x07, 0xE0, 0x00, 0x00, 0x3F, 0x00,
  0x0B, 0xC0, 0x00, 0x00, 0x1D, 0x00,
  0x0F, 0x80, 0x00, 0x00, 0x00, 0x00,
  0x1F, 0x40, 0x00, 0x00, 0x00, 0x00,
  0x1F, 0x40, 0x00, 0x00, 0x00, 0x00,
  0x1F, 0x00, 0x00, 0x00, 0x00, 0x00,
  0x1F, 0x00, 0x00, 0xBF, 0xFF, 0x80,
  0x1F, 0x40, 0x00, 0xBF, 0xFF, 0x80,
  0x1F, 0x40, 0x00, 0x00, 0x0B, 0x80,
  0x0F, 0x80, 0x00, 0x00, 0x0B, 0x80,
  0x0B, 0xD0, 0x00, 0x00, 0x0B, 0x80,
  0x03, 0xF0, 0x00, 0x00, 0x0B, 0x80,
  0x01, 0xFD, 0x00, 0x00, 0x2F, 0x80,
  0x00, 0xBF, 0xD0, 0x07, 0xFE, 0x00,
  0x00, 0x1F, 0xFF, 0xFF, 0xF4, 0x00,
  0x00, 0x01, 0xBF, 0xFD, 0x00, 0x00,
  0x00, 0x00, 0x00, 0x00, 0x00, 0x00,
  0x00, 0x00, 0x00, 0x00, 0x00, 0x00,
  0x00, 0x00, 0x00, 0x00, 0x00, 0x00,
  0x00, 0x00, 0x00, 0x00, 0x00, 0x00,
  0x00, 0x00, 0x00, 0x00, 0x00, 0x00,
  0x00, 0x00, 0x00, 0x00, 0x00, 0x00
};

static GUI_CONST_STORAGE unsigned char acGUI_FontLiberationSans32_00D6[192] = { /* code 00D6, LATIN CAPITAL LETTER O WITH DIAERESIS */
  0x00, 0x00, 0x00, 0x00, 0x00, 0x00,
  0x00, 0x01, 0x90, 0x28, 0x00, 0x00,
  0x00, 0x02, 0xE0, 0x3D, 0x00, 0x00,
  0x00, 0x02, 0xE0, 0x3D, 0x00, 0x00,
  0x00, 0x00, 0x00, 0x00, 0x00, 0x00,
  0x00, 0x00, 0x00, 0x00, 0x00, 0x00,
  0x00, 0x01, 0xBF, 0xF9, 0x00, 0x00,
  0x00, 0x1F, 0xFF, 0xFF, 0xD0, 0x00,
  0x00, 0xBF, 0x90, 0x1B, 0xF8, 0x00,
  0x02, 0xF8, 0x00, 0x00, 0xFE, 0x00,
  0x07, 0xE0, 0x00, 0x00, 0x2F, 0x40,
  0x0B, 0xC0, 0x00, 0x00, 0x0F, 0x80,
  0x0F, 0x80, 0x00, 0x00, 0x0B, 0xC0,
  0x1F, 0x40, 0x00, 0x00, 0x07, 0xD0,
  0x1F, 0x00, 0x00, 0x00, 0x07, 0xD0,
  0x2F, 0x00, 0x00, 0x00, 0x03, 0xD0,
  0x2F, 0x00, 0x00, 0x00, 0x03, 0xD0,
  0x1F, 0x00, 0x00, 0x00, 0x07, 0xD0,
  0x1F, 0x40, 0x00, 0x00, 0x07, 0xD0,
  0x0F, 0x80, 0x00, 0x00, 0x0B, 0xC0,
  0x0B, 0xC0, 0x00, 0x00, 0x0F, 0x80,
  0x07, 0xF0, 0x00, 0x00, 0x2F, 0x00,
  0x02, 0xFC, 0x00, 0x00, 0xFD, 0x00,
  0x00, 0xBF, 0x90, 0x1B, 0xF8, 0x00,
  0x00, 0x1F, 0xFF, 0xFF, 0xD0, 0x00,
  0x00, 0x01, 0xBF, 0xF9, 0x00, 0x00,
  0x00, 0x00, 0x00, 0x00, 0x00, 0x00,
  0x00, 0x00, 0x00, 0x00, 0x00, 0x00,
  0x00, 0x00, 0x00, 0x00, 0x00, 0x00,
  0x00, 0x00, 0x00, 0x00, 0x00, 0x00,
  0x00, 0x00, 0x00, 0x00, 0x00, 0x00,
  0x00, 0x00, 0x00, 0x00, 0x00, 0x00
};

static GUI_CONST_STORAGE unsigned char acGUI_FontLiberationSans32_00DC[192] = { /* code 00DC, LATIN CAPITAL LETTER U WITH DIAERESIS */
  0x00, 0x00, 0x00, 0x00, 0x00, 0x00,
  0x00, 0x06, 0x40, 0x64, 0x00, 0x00,
  0x00, 0x07, 0x80, 0xB4, 0x00, 0x00,
  0x00, 0x07, 0x80, 0xB4, 0x00, 0x00,
  0x00, 0x00, 0x00, 0x00, 0x00, 0x00,
  0x00, 0x00, 0x00, 0x00, 0x00, 0x00,
  0x0B, 0xC0, 0x00, 0x00, 0xF8, 0x00,
  0x0B, 0xC0, 0x00, 0x00, 0xF8, 0x00,
  0x0B, 0xC0, 0x00, 0x00, 0xF8, 0x00,
  0x0B, 0xC0, 0x00, 0x00, 0xF8, 0x00,
  0x0B, 0xC0, 0x00, 0x00, 0xF8, 0x00,
  0x0B, 0xC0, 0x00, 0x00, 0xF8, 0x00,
  0x0B, 0xC0, 0x00, 0x00, 0xF8, 0x00,
  0x0B, 0xC0, 0x00, 0x00, 0xF8, 0x00,
  0x0B, 0xC0, 0x00, 0x00, 0xF8, 0x00,
  0x0B, 0xC0, 0x00, 0x00, 0xF8, 0x00,
  0x0B, 0xC0, 0x00, 0x00, 0xF8, 0x00,
  0x0B, 0xC0, 0x00, 0x00, 0xF8, 0x00,
  0x0B, 0xC0, 0x00, 0x00, 0xF8, 0x00,
  0x0B, 0xC0, 0x00, 0x00, 0xF8, 0x00,
  0x07, 0xC0, 0x00, 0x01, 0xF4, 0x00,
  0x07, 0xE0, 0x00, 0x02, 0xF0, 0x00,
  0x02, 0xF4, 0x00, 0x0B, 0xE0, 0x00,
  0x00, 0xFF, 0x40, 0x7F, 0xC0, 0x00,
  0x00, 0x3F, 0xFF, 0xFE, 0x00, 0x00,
  0x00, 0x02, 0xFF, 0xE0, 0x00, 0x00,
  0x00, 0x00, 0x00, 0x00, 0x00, 0x00,
  0x00, 0x00, 0x00, 0x00, 0x00, 0x00,
  0x00, 0x00, 0x00, 0x00, 0x00, 0x00,
  0x00, 0x00, 0x00, 0x00, 0x00, 0x00,
  0x00, 0x00, 0x00, 0x00, 0x00, 0x00,
  0x00, 0x00, 0x00, 0x00, 0x00, 0x00
};

static GUI_CONST_STORAGE unsigned char acGUI_FontLiberationSans32_00DD[ 64] = { /* code 00DD, LATIN CAPITAL LETTER Y WITH ACUTE */
  0x01, 0x00,
  0x07, 0xC0,
  0x07, 0xC0,
  0x00, 0x00,
  0x00, 0x00,
  0x00, 0x00,
  0x0B, 0xC0,
  0x0B, 0xC0,
  0x0B, 0xC0,
  0x0B, 0xC0,
  0x0B, 0xC0,
  0x0B, 0xC0,
  0x0B, 0xC0,
  0x0B, 0xC0,
  0x0B, 0xC0,
  0x0B, 0xC0,
  0x0B, 0xC0,
  0x0B, 0xC0,
  0x0B, 0xC0,
  0x0B, 0xC0,
  0x0B, 0xC0,
  0x0B, 0xC0,
  0x0B, 0xC0,
  0x0B, 0xC0,
  0x0B, 0xC0,
  0x0B, 0xC0,
  0x00, 0x00,
  0x00, 0x00,
  0x00, 0x00,
  0x00, 0x00,
  0x00, 0x00,
  0x00, 0x00
};

static GUI_CONST_STORAGE unsigned char acGUI_FontLiberationSans32_00DE[160] = { /* code 00DE, LATIN CAPITAL LETTER THORN */
  0x00, 0x00, 0x00, 0x00, 0x00,
  0x00, 0x00, 0x00, 0x00, 0x00,
  0x00, 0x00, 0x00, 0x00, 0x00,
  0x00, 0x00, 0x00, 0x00, 0x00,
  0x00, 0x00, 0x00, 0x00, 0x00,
  0x00, 0x00, 0x00, 0x00, 0x00,
  0x00, 0x1B, 0xFF, 0xD0, 0x00,
  0x00, 0xFF, 0xFF, 0xFD, 0x00,
  0x03, 0xF8, 0x00, 0x7F, 0x40,
  0x07, 0xD0, 0x00, 0x0F, 0x80,
  0x0B, 0x80, 0x00, 0x07, 0x80,
  0x0B, 0x80, 0x00, 0x00, 0x00,
  0x0B, 0xD0, 0x00, 0x00, 0x00,
  0x03, 0xF8, 0x00, 0x00, 0x00,
  0x01, 0xFF, 0xE4, 0x00, 0x00,
  0x00, 0x2F, 0xFF, 0xE0, 0x00,
  0x00, 0x01, 0xBF, 0xFE, 0x00,
  0x00, 0x00, 0x00, 0xBF, 0x80,
  0x00, 0x00, 0x00, 0x0B, 0xD0,
  0x00, 0x00, 0x00, 0x03, 0xE0,
  0x01, 0x00, 0x00, 0x03, 0xE0,
  0x1F, 0x40, 0x00, 0x03, 0xE0,
  0x0F, 0xC0, 0x00, 0x0B, 0xD0,
  0x07, 0xF8, 0x00, 0x7F, 0x80,
  0x01, 0xFF, 0xFF, 0xFE, 0x00,
  0x00, 0x1B, 0xFF, 0xD0, 0x00,
  0x00, 0x00, 0x34, 0x00, 0x00,
  0x00, 0x00, 0x7E, 0x00, 0x00,
  0x00, 0x00, 0x07, 0x80, 0x00,
  0x00, 0x00, 0x03, 0x80, 0x00,
  0x00, 0x00, 0x5F, 0x40, 0x00,
  0x00, 0x01, 0xFD, 0x00, 0x00
};

static GUI_CONST_STORAGE unsigned char acGUI_FontLiberationSans32_00E7[128] = { /* code 00E7, LATIN SMALL LETTER C WITH CEDILLA */
  0x00, 0x00, 0x00, 0x00,
  0x00, 0x00, 0x00, 0x00,
  0x00, 0x00, 0x00, 0x00,
  0x00, 0x00, 0x00, 0x00,
  0x00, 0x00, 0x00, 0x00,
  0x00, 0x00, 0x00, 0x00,
  0x00, 0x00, 0x00, 0x00,
  0x00, 0x00, 0x00, 0x00,
  0x00, 0x00, 0x00, 0x00,
  0x00, 0x00, 0x00, 0x00,
  0x00, 0x2F, 0xF8, 0x00,
  0x01, 0xFF, 0xFF, 0x40,
  0x07, 0xE0, 0x0F, 0xC0,
  0x0B, 0x80, 0x03, 0xE0,
  0x1F, 0x40, 0x02, 0xE0,
  0x1F, 0x00, 0x00, 0x00,
  0x2F, 0x00, 0x00, 0x00,
  0x2F, 0x00, 0x00, 0x00,
  0x2F, 0x00, 0x00, 0x00,
  0x2F, 0x00, 0x00, 0x00,
  0x1F, 0x00, 0x00, 0x00,
  0x1F, 0x40, 0x01, 0xF0,
  0x0B, 0xC0, 0x02, 0xE0,
  0x07, 0xF0, 0x0F, 0xD0,
  0x01, 0xFF, 0xFF, 0x40,
  0x00, 0x2F, 0xF8, 0x00,
  0x00, 0x03, 0x40, 0x00,
  0x00, 0x0B, 0xF0, 0x00,
  0x00, 0x00, 0x78, 0x00,
  0x00, 0x00, 0x38, 0x00,
  0x00, 0x05, 0xF8, 0x00,
  0x00, 0x1F, 0xE0, 0x00
};

static GUI_CONST_STORAGE unsigned char acGUI_FontLiberationSans32_00F0[128] = { /* code 00F0, LATIN SMALL LETTER ETH */
  0x00, 0x00, 0x00, 0x00,
  0x00, 0x00, 0x00, 0x00,
  0x00, 0x00, 0x00, 0x00,
  0x00, 0x00, 0x00, 0x00,
  0x02, 0x80, 0x07, 0x40,
  0x01, 0xF4, 0x1F, 0x00,
  0x00, 0xBF, 0xFD, 0x00,
  0x00, 0x1F, 0xE0, 0x00,
  0x00, 0x00, 0x00, 0x00,
  0x00, 0x00, 0x00, 0x00,
  0x00, 0xBF, 0xD1, 0xF0,
  0x03, 0xFF, 0xF9, 0xF0,
  0x0B, 0xD0, 0x1F, 0xF0,
  0x0F, 0x80, 0x0B, 0xF0,
  0x1F, 0x40, 0x03, 0xF0,
  0x2F, 0x00, 0x02, 0xF0,
  0x2F, 0x00, 0x01, 0xF0,
  0x2E, 0x00, 0x01, 0xF0,
  0x2E, 0x00, 0x01, 0xF0,
  0x2E, 0x00, 0x01, 0xF0,
  0x2F, 0x00, 0x02, 0xF0,
  0x1F, 0x00, 0x03, 0xF0,
  0x0F, 0x40, 0x07, 0xF0,
  0x0B, 0xD0, 0x1E, 0xF0,
  0x03, 0xFF, 0xF5, 0xF0,
  0x00, 0xBF, 0x81, 0xF0,
  0x00, 0x00, 0x01, 0xF0,
  0x00, 0x00, 0x02, 0xE0,
  0x0F, 0x80, 0x03, 0xE0,
  0x0B, 0xD0, 0x0F, 0xC0,
  0x02, 0xFF, 0xFF, 0x40,
  0x00, 0x6F, 0xF8, 0x00
};

static GUI_CONST_STORAGE unsigned char acGUI_FontLiberationSans32_00F6[128] = { /* code 00F6, LATIN SMALL LETTER O WITH DIAERESIS */
  0x00, 0x00, 0x00, 0x00,
  0x00, 0x00, 0x00, 0x00,
  0x00, 0x00, 0x00, 0x00,
  0x00, 0x00, 0x00, 0x00,
  0x00, 0x00, 0x00, 0x00,
  0x00, 0x64, 0x0A, 0x00,
  0x00, 0xB4, 0x1F, 0x00,
  0x00, 0xB4, 0x1F, 0x00,
  0x00, 0x00, 0x00, 0x00,
  0x00, 0x00, 0x00, 0x00,
  0x00, 0x2F, 0xF9, 0x00,
  0x02, 0xFF, 0xFF, 0x80,
  0x07, 0xE0, 0x0B, 0xD0,
  0x0F, 0x80, 0x02, 0xF0,
  0x1F, 0x40, 0x01, 0xF4,
  0x2F, 0x00, 0x00, 0xF8,
  0x2F, 0x00, 0x00, 0xF8,
  0x2E, 0x00, 0x00, 0xB8,
  0x2E, 0x00, 0x00, 0xB8,
  0x2F, 0x00, 0x00, 0xF8,
  0x1F, 0x00, 0x00, 0xF8,
  0x1F, 0x40, 0x01, 0xF4,
  0x0F, 0x80, 0x02, 0xF0,
  0x07, 0xE0, 0x0B, 0xD0,
  0x01, 0xFF, 0xFF, 0x40,
  0x00, 0x2F, 0xF8, 0x00,
  0x00, 0x00, 0x00, 0x00,
  0x00, 0x00, 0x00, 0x00,
  0x00, 0x00, 0x00, 0x00,
  0x00, 0x00, 0x00, 0x00,
  0x00, 0x00, 0x00, 0x00,
  0x00, 0x00, 0x00, 0x00
};

static GUI_CONST_STORAGE unsigned char acGUI_FontLiberationSans32_00FC[128] = { /* code 00FC, LATIN SMALL LETTER U WITH DIAERESIS */
  0x00, 0x00, 0x00, 0x00,
  0x00, 0x00, 0x00, 0x00,
  0x00, 0x00, 0x00, 0x00,
  0x00, 0x00, 0x00, 0x00,
  0x00, 0x00, 0x00, 0x00,
  0x00, 0xA0, 0x19, 0x00,
  0x00, 0xF4, 0x1E, 0x00,
  0x00, 0xF4, 0x1E, 0x00,
  0x00, 0x00, 0x00, 0x00,
  0x00, 0x00, 0x00, 0x00,
  0x0F, 0x40, 0x01, 0xF0,
  0x0F, 0x40, 0x01, 0xF0,
  0x0F, 0x40, 0x01, 0xF0,
  0x0F, 0x40, 0x01, 0xF0,
  0x0F, 0x40, 0x01, 0xF0,
  0x0F, 0x40, 0x01, 0xF0,
  0x0F, 0x40, 0x01, 0xF0,
  0x0F, 0x40, 0x01, 0xF0,
  0x0F, 0x40, 0x01, 0xF0,
  0x0F, 0x40, 0x01, 0xF0,
  0x0F, 0x40, 0x02, 0xF0,
  0x0F, 0x80, 0x02, 0xF0,
  0x0B, 0x80, 0x07, 0xF0,
  0x0B, 0xD0, 0x1E, 0xF0,
  0x03, 0xFF, 0xF9, 0xF0,
  0x00, 0xBF, 0xD1, 0xF0,
  0x00, 0x00, 0x00, 0x00,
  0x00, 0x00, 0x00, 0x00,
  0x00, 0x00, 0x00, 0x00,
  0x00, 0x00, 0x00, 0x00,
  0x00, 0x00, 0x00, 0x00,
  0x00, 0x00, 0x00, 0x00
};

static GUI_CONST_STORAGE unsigned char acGUI_FontLiberationSans32_00FD[ 96] = { /* code 00FD, LATIN SMALL LETTER Y WITH ACUTE */
  0x00, 0x00, 0x00,
  0x00, 0x00, 0x00,
  0x00, 0x00, 0x00,
  0x00, 0x00, 0x00,
  0x00, 0x00, 0x00,
  0x00, 0x00, 0x00,
  0x00, 0x00, 0x00,
  0x00, 0x00, 0x00,
  0x00, 0x00, 0x00,
  0x00, 0x00, 0x00,
  0x03, 0xE0, 0x00,
  0x03, 0xE0, 0x00,
  0x03, 0xE0, 0x00,
  0x03, 0xE0, 0x00,
  0x03, 0xE0, 0x00,
  0x03, 0xE0, 0x00,
  0x03, 0xE0, 0x00,
  0x03, 0xE0, 0x00,
  0x03, 0xE0, 0x00,
  0x03, 0xE0, 0x00,
  0x03, 0xE0, 0x00,
  0x03, 0xE0, 0x00,
  0x03, 0xE0, 0x00,
  0x03, 0xE0, 0x00,
  0x03, 0xE0, 0x00,
  0x03, 0xE0, 0x00,
  0x00, 0x00, 0x00,
  0x00, 0x00, 0x00,
  0x00, 0x00, 0x00,
  0x00, 0x00, 0x00,
  0x00, 0x00, 0x00,
  0x00, 0x00, 0x00
};

static GUI_CONST_STORAGE unsigned char acGUI_FontLiberationSans32_00FE[128] = { /* code 00FE, LATIN SMALL LETTER THORN */
  0x00, 0x00, 0x00, 0x00,
  0x00, 0x00, 0x00, 0x00,
  0x00, 0x00, 0x00, 0x00,
  0x00, 0x00, 0x00, 0x00,
  0x00, 0x00, 0x00, 0x00,
  0x00, 0x00, 0x00, 0x00,
  0x00, 0x00, 0x00, 0x00,
  0x00, 0x00, 0x00, 0x00,
  0x00, 0x00, 0x00, 0x00,
  0x00, 0x00, 0x00, 0x00,
  0x00, 0xBF, 0xF8, 0x00,
  0x07, 0xFF, 0xFF, 0x40,
  0x0F, 0x80, 0x0B, 0xC0,
  0x1F, 0x00, 0x02, 0xD0,
  0x1F, 0x00, 0x00, 0x00,
  0x1F, 0x80, 0x00, 0x00,
  0x0B, 0xFD, 0x00, 0x00,
  0x02, 0xFF, 0xF8, 0x00,
  0x00, 0x1B, 0xFF, 0x80,
  0x00, 0x00, 0x1F, 0xD0,
  0x00, 0x00, 0x02, 0xE0,
  0x00, 0x00, 0x01, 0xE0,
  0x3D, 0x00, 0x02, 0xE0,
  0x2F, 0x40, 0x0B, 0xD0,
  0x0B, 0xFF, 0xFF, 0x80,
  0x01, 0xBF, 0xF8, 0x00,
  0x00, 0x0A, 0x00, 0x00,
  0x00, 0x1F, 0xD0, 0x00,
  0x00, 0x00, 0xF0, 0x00,
  0x00, 0x00, 0xB0, 0x00,
  0x00, 0x16, 0xF0, 0x00,
  0x00, 0x3F, 0x80, 0x00
};

static GUI_CONST_STORAGE GUI_CHARINFO GUI_FontLiberationSans32_CharInfo[109] = {
   {   8,   8,  2, acGUI_FontLiberationSans32_0020 } /* code 0020 */
  ,{   9,   9,  3, acGUI_FontLiberationSans32_0021 } /* code 0021 */
  ,{  10,  10,  3, acGUI_FontLiberationSans32_0022 } /* code 0022 */
  ,{  16,  16,  4, acGUI_FontLiberationSans32_0023 } /* code 0023 */
  ,{  16,  16,  4, acGUI_FontLiberationSans32_0024 } /* code 0024 */
  ,{  26,  26,  7, acGUI_FontLiberationSans32_0025 } /* code 0025 */
  ,{  19,  19,  5, acGUI_FontLiberationSans32_0026 } /* code 0026 */
  ,{   6,   6,  2, acGUI_FontLiberationSans32_0027 } /* code 0027 */
  ,{  10,  10,  3, acGUI_FontLiberationSans32_0028 } /* code 0028 */
  ,{  10,  10,  3, acGUI_FontLiberationSans32_0029 } /* code 0029 */
  ,{  11,  11,  3, acGUI_FontLiberationSans32_002A } /* code 002A */
  ,{  17,  17,  5, acGUI_FontLiberationSans32_002B } /* code 002B */
  ,{   8,   8,  2, acGUI_FontLiberationSans32_002C } /* code 002C */
  ,{  10,  10,  3, acGUI_FontLiberationSans32_002D } /* code 002D */
  ,{   8,   8,  2, acGUI_FontLiberationSans32_002E } /* code 002E */
  ,{   8,   8,  2, acGUI_FontLiberationSans32_002F } /* code 002F */
  ,{  16,  16,  4, acGUI_FontLiberationSans32_0030 } /* code 0030 */
  ,{  16,  16,  4, acGUI_FontLiberationSans32_0031 } /* code 0031 */
  ,{  16,  16,  4, acGUI_FontLiberationSans32_0032 } /* code 0032 */
  ,{  16,  16,  4, acGUI_FontLiberationSans32_0033 } /* code 0033 */
  ,{  16,  16,  4, acGUI_FontLiberationSans32_0034 } /* code 0034 */
  ,{  16,  16,  4, acGUI_FontLiberationSans32_0035 } /* code 0035 */
  ,{  16,  16,  4, acGUI_FontLiberationSans32_0036 } /* code 0036 */
  ,{  16,  16,  4, acGUI_FontLiberationSans32_0037 } /* code 0037 */
  ,{  16,  16,  4, acGUI_FontLiberationSans32_0038 } /* code 0038 */
  ,{  16,  16,  4, acGUI_FontLiberationSans32_0039 } /* code 0039 */
  ,{   8,   8,  2, acGUI_FontLiberationSans32_003A } /* code 003A */
  ,{   8,   8,  2, acGUI_FontLiberationSans32_003B } /* code 003B */
  ,{  17,  17,  5, acGUI_FontLiberationSans32_003C } /* code 003C */
  ,{  17,  17,  5, acGUI_FontLiberationSans32_003D } /* code 003D */
  ,{  17,  17,  5, acGUI_FontLiberationSans32_003E } /* code 003E */
  ,{  16,  16,  4, acGUI_FontLiberationSans32_003F } /* code 003F */
  ,{  29,  29,  8, acGUI_FontLiberationSans32_0040 } /* code 0040 */
  ,{  19,  19,  5, acGUI_FontLiberationSans32_0041 } /* code 0041 */
  ,{  19,  19,  5, acGUI_FontLiberationSans32_0042 } /* code 0042 */
  ,{  21,  21,  6, acGUI_FontLiberationSans32_0043 } /* code 0043 */
  ,{  21,  21,  6, acGUI_FontLiberationSans32_0044 } /* code 0044 */
  ,{  19,  19,  5, acGUI_FontLiberationSans32_0045 } /* code 0045 */
  ,{  18,  18,  5, acGUI_FontLiberationSans32_0046 } /* code 0046 */
  ,{  23,  23,  6, acGUI_FontLiberationSans32_0047 } /* code 0047 */
  ,{  21,  21,  6, acGUI_FontLiberationSans32_0048 } /* code 0048 */
  ,{   7,   7,  2, acGUI_FontLiberationSans32_0049 } /* code 0049 */
  ,{  15,  15,  4, acGUI_FontLiberationSans32_004A } /* code 004A */
  ,{  19,  19,  5, acGUI_FontLiberationSans32_004B } /* code 004B */
  ,{  16,  16,  4, acGUI_FontLiberationSans32_004C } /* code 004C */
  ,{  23,  23,  6, acGUI_FontLiberationSans32_004D } /* code 004D */
  ,{  21,  21,  6, acGUI_FontLiberationSans32_004E } /* code 004E */
  ,{  23,  23,  6, acGUI_FontLiberationSans32_004F } /* code 004F */
  ,{  19,  19,  5, acGUI_FontLiberationSans32_0050 } /* code 0050 */
  ,{  23,  23,  6, acGUI_FontLiberationSans32_0051 } /* code 0051 */
  ,{  21,  21,  6, acGUI_FontLiberationSans32_0052 } /* code 0052 */
  ,{  19,  19,  5, acGUI_FontLiberationSans32_0053 } /* code 0053 */
  ,{  19,  19,  5, acGUI_FontLiberationSans32_0054 } /* code 0054 */
  ,{  21,  21,  6, acGUI_FontLiberationSans32_0055 } /* code 0055 */
  ,{  19,  19,  5, acGUI_FontLiberationSans32_0056 } /* code 0056 */
  ,{  30,  30,  8, acGUI_FontLiberationSans32_0057 } /* code 0057 */
  ,{  19,  19,  5, acGUI_FontLiberationSans32_0058 } /* code 0058 */
  ,{  19,  19,  5, acGUI_FontLiberationSans32_0059 } /* code 0059 */
  ,{  18,  18,  5, acGUI_FontLiberationSans32_005A } /* code 005A */
  ,{   8,   8,  2, acGUI_FontLiberationSans32_005B } /* code 005B */
  ,{   8,   8,  2, acGUI_FontLiberationSans32_005C } /* code 005C */
  ,{   8,   8,  2, acGUI_FontLiberationSans32_005D } /* code 005D */
  ,{  14,  14,  4, acGUI_FontLiberationSans32_005E } /* code 005E */
  ,{  16,  16,  4, acGUI_FontLiberationSans32_005F } /* code 005F */
  ,{  10,  10,  3, acGUI_FontLiberationSans32_0060 } /* code 0060 */
  ,{  16,  16,  4, acGUI_FontLiberationSans32_0061 } /* code 0061 */
  ,{  16,  16,  4, acGUI_FontLiberationSans32_0062 } /* code 0062 */
  ,{  15,  15,  4, acGUI_FontLiberationSans32_0063 } /* code 0063 */
  ,{  16,  16,  4, acGUI_FontLiberationSans32_0064 } /* code 0064 */
  ,{  16,  16,  4, acGUI_FontLiberationSans32_0065 } /* code 0065 */
  ,{   8,   8,  2, acGUI_FontLiberationSans32_0066 } /* code 0066 */
  ,{  16,  16,  4, acGUI_FontLiberationSans32_0067 } /* code 0067 */
  ,{  16,  16,  4, acGUI_FontLiberationSans32_0068 } /* code 0068 */
  ,{   7,   7,  2, acGUI_FontLiberationSans32_0069 } /* code 0069 */
  ,{   7,   7,  2, acGUI_FontLiberationSans32_006A } /* code 006A */
  ,{  14,  14,  4, acGUI_FontLiberationSans32_006B } /* code 006B */
  ,{   7,   7,  2, acGUI_FontLiberationSans32_006C } /* code 006C */
  ,{  25,  25,  7, acGUI_FontLiberationSans32_006D } /* code 006D */
  ,{  16,  16,  4, acGUI_FontLiberationSans32_006E } /* code 006E */
  ,{  16,  16,  4, acGUI_FontLiberationSans32_006F } /* code 006F */
  ,{  16,  16,  4, acGUI_FontLiberationSans32_0070 } /* code 0070 */
  ,{  16,  16,  4, acGUI_FontLiberationSans32_0071 } /* code 0071 */
  ,{  10,  10,  3, acGUI_FontLiberationSans32_0072 } /* code 0072 */
  ,{  15,  15,  4, acGUI_FontLiberationSans32_0073 } /* code 0073 */
  ,{   8,   8,  2, acGUI_FontLiberationSans32_0074 } /* code 0074 */
  ,{  16,  16,  4, acGUI_FontLiberationSans32_0075 } /* code 0075 */
  ,{  13,  13,  4, acGUI_FontLiberationSans32_0076 } /* code 0076 */
  ,{  21,  21,  6, acGUI_FontLiberationSans32_0077 } /* code 0077 */
  ,{  13,  13,  4, acGUI_FontLiberationSans32_0078 } /* code 0078 */
  ,{  13,  13,  4, acGUI_FontLiberationSans32_0079 } /* code 0079 */
  ,{  14,  14,  4, acGUI_FontLiberationSans32_007A } /* code 007A */
  ,{  10,  10,  3, acGUI_FontLiberationSans32_007B } /* code 007B */
  ,{   8,   8,  2, acGUI_FontLiberationSans32_007C } /* code 007C */
  ,{  10,  10,  3, acGUI_FontLiberationSans32_007D } /* code 007D */
  ,{  17,  17,  5, acGUI_FontLiberationSans32_007E } /* code 007E */
  ,{  22,  22,  6, acGUI_FontLiberationSans32_007F } /* code 007F */
  ,{   4,   4,  1, acGUI_FontLiberationSans32_00C1 } /* code 00C1 */
  ,{  21,  21,  6, acGUI_FontLiberationSans32_00C7 } /* code 00C7 */
  ,{  23,  23,  6, acGUI_FontLiberationSans32_00D0 } /* code 00D0 */
  ,{  23,  23,  6, acGUI_FontLiberationSans32_00D6 } /* code 00D6 */
  ,{  21,  21,  6, acGUI_FontLiberationSans32_00DC } /* code 00DC */
  ,{   7,   7,  2, acGUI_FontLiberationSans32_00DD } /* code 00DD */
  ,{  19,  19,  5, acGUI_FontLiberationSans32_00DE } /* code 00DE */
  ,{  15,  15,  4, acGUI_FontLiberationSans32_00E7 } /* code 00E7 */
  ,{  16,  16,  4, acGUI_FontLiberationSans32_00F0 } /* code 00F0 */
  ,{  16,  16,  4, acGUI_FontLiberationSans32_00F6 } /* code 00F6 */
  ,{  16,  16,  4, acGUI_FontLiberationSans32_00FC } /* code 00FC */
  ,{   9,   9,  3, acGUI_FontLiberationSans32_00FD } /* code 00FD */
  ,{  15,  15,  4, acGUI_FontLiberationSans32_00FE } /* code 00FE */
};

static GUI_CONST_STORAGE GUI_FONT_PROP GUI_FontLiberationSans32_Prop10 = {
   0x00FC /* first character */
  ,0x00FE /* last character  */
  ,&GUI_FontLiberationSans32_CharInfo[106] /* address of first character */
  ,(GUI_CONST_STORAGE GUI_FONT_PROP *)0 /* pointer to next GUI_FONT_PROP */
};

static GUI_CONST_STORAGE GUI_FONT_PROP GUI_FontLiberationSans32_Prop9 = {
   0x00F6 /* first character */
  ,0x00F6 /* last character  */
  ,&GUI_FontLiberationSans32_CharInfo[105] /* address of first character */
  ,&GUI_FontLiberationSans32_Prop10 /* pointer to next GUI_FONT_PROP */
};

static GUI_CONST_STORAGE GUI_FONT_PROP GUI_FontLiberationSans32_Prop8 = {
   0x00F0 /* first character */
  ,0x00F0 /* last character  */
  ,&GUI_FontLiberationSans32_CharInfo[104] /* address of first character */
  ,&GUI_FontLiberationSans32_Prop9 /* pointer to next GUI_FONT_PROP */
};

static GUI_CONST_STORAGE GUI_FONT_PROP GUI_FontLiberationSans32_Prop7 = {
   0x00E7 /* first character */
  ,0x00E7 /* last character  */
  ,&GUI_FontLiberationSans32_CharInfo[103] /* address of first character */
  ,&GUI_FontLiberationSans32_Prop8 /* pointer to next GUI_FONT_PROP */
};

static GUI_CONST_STORAGE GUI_FONT_PROP GUI_FontLiberationSans32_Prop6 = {
   0x00DC /* first character */
  ,0x00DE /* last character  */
  ,&GUI_FontLiberationSans32_CharInfo[100] /* address of first character */
  ,&GUI_FontLiberationSans32_Prop7 /* pointer to next GUI_FONT_PROP */
};

static GUI_CONST_STORAGE GUI_FONT_PROP GUI_FontLiberationSans32_Prop5 = {
   0x00D6 /* first character */
  ,0x00D6 /* last character  */
  ,&GUI_FontLiberationSans32_CharInfo[ 99] /* address of first character */
  ,&GUI_FontLiberationSans32_Prop6 /* pointer to next GUI_FONT_PROP */
};

static GUI_CONST_STORAGE GUI_FONT_PROP GUI_FontLiberationSans32_Prop4 = {
   0x00D0 /* first character */
  ,0x00D0 /* last character  */
  ,&GUI_FontLiberationSans32_CharInfo[ 98] /* address of first character */
  ,&GUI_FontLiberationSans32_Prop5 /* pointer to next GUI_FONT_PROP */
};

static GUI_CONST_STORAGE GUI_FONT_PROP GUI_FontLiberationSans32_Prop3 = {
   0x00C7 /* first character */
  ,0x00C7 /* last character  */
  ,&GUI_FontLiberationSans32_CharInfo[ 97] /* address of first character */
  ,&GUI_FontLiberationSans32_Prop4 /* pointer to next GUI_FONT_PROP */
};

static GUI_CONST_STORAGE GUI_FONT_PROP GUI_FontLiberationSans32_Prop2 = {
   0x00C1 /* first character */
  ,0x00C1 /* last character  */
  ,&GUI_FontLiberationSans32_CharInfo[ 96] /* address of first character */
  ,&GUI_FontLiberationSans32_Prop3 /* pointer to next GUI_FONT_PROP */
};

static GUI_CONST_STORAGE GUI_FONT_PROP GUI_FontLiberationSans32_Prop1 = {
   0x0020 /* first character */
  ,0x007F /* last character  */
  ,&GUI_FontLiberationSans32_CharInfo[  0] /* address of first character */
  ,&GUI_FontLiberationSans32_Prop2 /* pointer to next GUI_FONT_PROP */
};

GUI_CONST_STORAGE GUI_FONT GUI_FontLiberationSans32 = {
   GUI_FONTTYPE_PROP_AA2 /* type of font    */
  ,32 /* height of font  */
  ,32 /* space of font y */
  ,1 /* magnification x */
  ,1 /* magnification y */
  ,{&GUI_FontLiberationSans32_Prop1}
  ,26 /* Baseline */
  ,16 /* Height of lowercase characters */
  ,20 /* Height of capital characters */
};

