/*********************************************************************
*                     SEGGER Microcontroller GmbH                    *
*        Solutions for real time microcontroller applications        *
*                           www.segger.com                           *
**********************************************************************
*                                                                    *
* C-file generated by                                                *
*                                                                    *
*        Font Converter (Demoversion) for emWin version 6.14         *
*        Compiled Jun  2 2020, 15:13:49                              *
*                                                                    *
*        (c) 1998 - 2019 Segger Microcontroller GmbH                 *
*                                                                    *
**********************************************************************
*                                                                    *
* Source file: LiberationSans28.c                                    *
* Font:        Liberation Sans                                       *
* Height:      28                                                    *
*                                                                    *
**********************************************************************
*                                                                    *
* Initial font height:  28                                           *
*                                                                    *
**********************************************************************
*                                                                    *
* Range disabled:       00A0 - 0100                                  *
* Character enabled:   0xF0 (240)                                    *
* Character enabled:   0xD0 (208)                                    *
* Character enabled:   0xF6 (246)                                    *
* Character enabled:   0xE7 (231)                                    *
* Character enabled:   0xD6 (214)                                    *
* Character enabled:   0xC7 (199)                                    *
* Character enabled:   0xDC (220)                                    *
* Character enabled:   0xDD (221)                                    *
* Character enabled:   0xDE (222)                                    *
* Character enabled:   0xFE (254)                                    *
* Character enabled:   0xFC (252)                                    *
* Character disabled:  0xFC (252)                                    *
* Character enabled:   0xFD (253)                                    *
* Character disabled:  0xFD (253)                                    *
* Character enabled:   0xFC (252)                                    *
* Character disabled:  0xFC (252)                                    *
* Character enabled:   0xFD (253)                                    *
* Character enabled:   0xFC (252)                                    *
*                                                                    *
**********************************************************************
  C-file modified by Font Converter (Demoversion) for emWin version 6.14: Dec 01 2020 at 10:36:02
*                                                                    *
* Character enabled:   0xC1 (193)                                    *
* Edit/Insert/Right     at character 0xC1 (193)                      *
* Edit/Insert/Right     at character 0xC1 (193)                      *
* Edit/Insert/Right     at character 0xC1 (193)                      *
* Edit/Insert/Right     at character 0xC1 (193)                      *
* Edit/Delete/Left      at character 0xC1 (193)                      *
*                                                                    *
**********************************************************************
  C-file modified by Font Converter (Demoversion) for emWin version 6.14: Mar 11 2021 at 15:41:01
*                                                                    *
* Edit/Shift/Up         at character 0x2D (45)                       *
*                                                                    *
**********************************************************************
  C-file modified by emWin Font Converter (ST) version 5.44: Nov 27 2025 at 13:43:50
*/

#include "GUI.h"

#ifndef GUI_CONST_STORAGE
  #define GUI_CONST_STORAGE const
#endif

/* The following line needs to be included in any file selecting the
   font.
*/
extern GUI_CONST_STORAGE GUI_FONT GUI_FontLiberationSans28;

/* Start of unicode area <Basic Latin> */
GUI_CONST_STORAGE unsigned char acGUI_FontLiberationSans28_0020[ 56] = { /* code 0020, SPACE */
  0x00, 0x00,
  0x00, 0x00,
  0x00, 0x00,
  0x00, 0x00,
  0x00, 0x00,
  0x00, 0x00,
  0x00, 0x00,
  0x00, 0x00,
  0x00, 0x00,
  0x00, 0x00,
  0x00, 0x00,
  0x00, 0x00,
  0x00, 0x00,
  0x00, 0x00,
  0x00, 0x00,
  0x00, 0x00,
  0x00, 0x00,
  0x00, 0x00,
  0x00, 0x00,
  0x00, 0x00,
  0x00, 0x00,
  0x00, 0x00,
  0x00, 0x00,
  0x00, 0x00,
  0x00, 0x00,
  0x00, 0x00,
  0x00, 0x00,
  0x00, 0x00
};

GUI_CONST_STORAGE unsigned char acGUI_FontLiberationSans28_0021[ 56] = { /* code 0021, EXCLAMATION MARK */
  0x00, 0x00,
  0x00, 0x00,
  0x00, 0x00,
  0x00, 0x00,
  0x00, 0x00,
  0x00, 0x00,
  0x07, 0xC0,
  0x07, 0xC0,
  0x07, 0xC0,
  0x07, 0x80,
  0x07, 0x80,
  0x07, 0x80,
  0x03, 0x80,
  0x03, 0x80,
  0x03, 0x80,
  0x03, 0x80,
  0x03, 0x80,
  0x03, 0x80,
  0x00, 0x00,
  0x00, 0x00,
  0x07, 0xC0,
  0x07, 0xC0,
  0x07, 0xC0,
  0x00, 0x00,
  0x00, 0x00,
  0x00, 0x00,
  0x00, 0x00,
  0x00, 0x00
};

GUI_CONST_STORAGE unsigned char acGUI_FontLiberationSans28_0022[ 84] = { /* code 0022, QUOTATION MARK */
  0x00, 0x00, 0x00,
  0x00, 0x00, 0x00,
  0x00, 0x00, 0x00,
  0x00, 0x00, 0x00,
  0x00, 0x00, 0x00,
  0x00, 0x00, 0x00,
  0x2D, 0x1E, 0x00,
  0x2C, 0x1E, 0x00,
  0x2C, 0x0E, 0x00,
  0x2C, 0x0E, 0x00,
  0x2C, 0x0E, 0x00,
  0x00, 0x00, 0x00,
  0x00, 0x00, 0x00,
  0x00, 0x00, 0x00,
  0x00, 0x00, 0x00,
  0x00, 0x00, 0x00,
  0x00, 0x00, 0x00,
  0x00, 0x00, 0x00,
  0x00, 0x00, 0x00,
  0x00, 0x00, 0x00,
  0x00, 0x00, 0x00,
  0x00, 0x00, 0x00,
  0x00, 0x00, 0x00,
  0x00, 0x00, 0x00,
  0x00, 0x00, 0x00,
  0x00, 0x00, 0x00,
  0x00, 0x00, 0x00,
  0x00, 0x00, 0x00
};

GUI_CONST_STORAGE unsigned char acGUI_FontLiberationSans28_0023[112] = { /* code 0023, NUMBER SIGN */
  0x00, 0x00, 0x00, 0x00,
  0x00, 0x00, 0x00, 0x00,
  0x00, 0x00, 0x00, 0x00,
  0x00, 0x00, 0x00, 0x00,
  0x00, 0x00, 0x00, 0x00,
  0x00, 0x00, 0x00, 0x00,
  0x00, 0x34, 0x03, 0x40,
  0x00, 0x30, 0x07, 0x00,
  0x00, 0x70, 0x06, 0x00,
  0x00, 0xA0, 0x0A, 0x00,
  0x00, 0x90, 0x0D, 0x00,
  0x7F, 0xFF, 0xFF, 0xE0,
  0x01, 0xC0, 0x1C, 0x00,
  0x01, 0x80, 0x28, 0x00,
  0x02, 0x80, 0x24, 0x00,
  0x02, 0x40, 0x34, 0x00,
  0x03, 0x40, 0x30, 0x00,
  0xBF, 0xFF, 0xFF, 0xC0,
  0x06, 0x00, 0xA0, 0x00,
  0x0A, 0x00, 0x90, 0x00,
  0x0D, 0x00, 0xC0, 0x00,
  0x0C, 0x01, 0xC0, 0x00,
  0x1C, 0x01, 0x80, 0x00,
  0x00, 0x00, 0x00, 0x00,
  0x00, 0x00, 0x00, 0x00,
  0x00, 0x00, 0x00, 0x00,
  0x00, 0x00, 0x00, 0x00,
  0x00, 0x00, 0x00, 0x00
};

GUI_CONST_STORAGE unsigned char acGUI_FontLiberationSans28_0024[112] = { /* code 0024, DOLLAR SIGN */
  0x00, 0x00, 0x00, 0x00,
  0x00, 0x00, 0x00, 0x00,
  0x00, 0x00, 0x00, 0x00,
  0x00, 0x00, 0x00, 0x00,
  0x00, 0x0A, 0x00, 0x00,
  0x00, 0x0A, 0x00, 0x00,
  0x01, 0xBF, 0xF4, 0x00,
  0x0B, 0xFF, 0xFF, 0x00,
  0x2E, 0x0A, 0x0F, 0x80,
  0x2C, 0x0A, 0x03, 0xC0,
  0x3C, 0x0A, 0x00, 0x00,
  0x2D, 0x0A, 0x00, 0x00,
  0x1F, 0x8A, 0x00, 0x00,
  0x07, 0xFF, 0x40, 0x00,
  0x00, 0x7F, 0xFD, 0x00,
  0x00, 0x0B, 0x7F, 0x80,
  0x00, 0x0A, 0x07, 0xD0,
  0x00, 0x0A, 0x02, 0xD0,
  0x64, 0x0A, 0x01, 0xE0,
  0x78, 0x0A, 0x02, 0xD0,
  0x3E, 0x0A, 0x0B, 0xC0,
  0x0F, 0xFF, 0xFF, 0x40,
  0x01, 0xFF, 0xF4, 0x00,
  0x00, 0x0A, 0x00, 0x00,
  0x00, 0x0A, 0x00, 0x00,
  0x00, 0x00, 0x00, 0x00,
  0x00, 0x00, 0x00, 0x00,
  0x00, 0x00, 0x00, 0x00
};

GUI_CONST_STORAGE unsigned char acGUI_FontLiberationSans28_0025[168] = { /* code 0025, PERCENT SIGN */
  0x00, 0x00, 0x00, 0x00, 0x00, 0x00,
  0x00, 0x00, 0x00, 0x00, 0x00, 0x00,
  0x00, 0x00, 0x00, 0x00, 0x00, 0x00,
  0x00, 0x00, 0x00, 0x00, 0x00, 0x00,
  0x00, 0x00, 0x00, 0x00, 0x00, 0x00,
  0x00, 0x00, 0x00, 0x00, 0x00, 0x00,
  0x07, 0xF8, 0x00, 0x02, 0xC0, 0x00,
  0x1E, 0x5E, 0x00, 0x07, 0x40, 0x00,
  0x2C, 0x07, 0x00, 0x0F, 0x00, 0x00,
  0x38, 0x07, 0x40, 0x2D, 0x00, 0x00,
  0x38, 0x03, 0x40, 0x78, 0x00, 0x00,
  0x38, 0x03, 0x40, 0xF0, 0x00, 0x00,
  0x38, 0x07, 0x42, 0xD0, 0x00, 0x00,
  0x2C, 0x0B, 0x07, 0x82, 0xFD, 0x00,
  0x1F, 0x5E, 0x0F, 0x0B, 0x5B, 0x40,
  0x07, 0xF8, 0x2D, 0x0D, 0x03, 0x80,
  0x00, 0x00, 0x38, 0x1D, 0x02, 0xC0,
  0x00, 0x00, 0xB0, 0x1C, 0x02, 0xC0,
  0x00, 0x01, 0xD0, 0x1C, 0x02, 0xC0,
  0x00, 0x03, 0x80, 0x1D, 0x02, 0xC0,
  0x00, 0x0B, 0x00, 0x0E, 0x03, 0x80,
  0x00, 0x1D, 0x00, 0x0B, 0x5F, 0x40,
  0x00, 0x38, 0x00, 0x02, 0xFD, 0x00,
  0x00, 0x00, 0x00, 0x00, 0x00, 0x00,
  0x00, 0x00, 0x00, 0x00, 0x00, 0x00,
  0x00, 0x00, 0x00, 0x00, 0x00, 0x00,
  0x00, 0x00, 0x00, 0x00, 0x00, 0x00,
  0x00, 0x00, 0x00, 0x00, 0x00, 0x00
};

GUI_CONST_STORAGE unsigned char acGUI_FontLiberationSans28_0026[140] = { /* code 0026, AMPERSAND */
  0x00, 0x00, 0x00, 0x00, 0x00,
  0x00, 0x00, 0x00, 0x00, 0x00,
  0x00, 0x00, 0x00, 0x00, 0x00,
  0x00, 0x00, 0x00, 0x00, 0x00,
  0x00, 0x00, 0x00, 0x00, 0x00,
  0x00, 0x00, 0x00, 0x00, 0x00,
  0x00, 0x0B, 0xF8, 0x00, 0x00,
  0x00, 0x3E, 0x6F, 0x00, 0x00,
  0x00, 0xB4, 0x07, 0x80, 0x00,
  0x00, 0xB0, 0x03, 0x80, 0x00,
  0x00, 0xB0, 0x07, 0x40, 0x00,
  0x00, 0x74, 0x2E, 0x00, 0x00,
  0x00, 0x3E, 0xF8, 0x00, 0x00,
  0x00, 0x7F, 0x80, 0x00, 0x00,
  0x03, 0xFE, 0x00, 0x28, 0x00,
  0x0F, 0x8B, 0x40, 0x38, 0x00,
  0x2D, 0x03, 0xD0, 0x74, 0x00,
  0x3C, 0x01, 0xF0, 0xB0, 0x00,
  0x3C, 0x00, 0x7E, 0xD0, 0x00,
  0x3C, 0x00, 0x2F, 0xC0, 0x00,
  0x2E, 0x00, 0x1F, 0xC0, 0x00,
  0x0F, 0xEA, 0xFF, 0xFF, 0x80,
  0x01, 0xFF, 0x90, 0x7F, 0x80,
  0x00, 0x00, 0x00, 0x00, 0x00,
  0x00, 0x00, 0x00, 0x00, 0x00,
  0x00, 0x00, 0x00, 0x00, 0x00,
  0x00, 0x00, 0x00, 0x00, 0x00,
  0x00, 0x00, 0x00, 0x00, 0x00
};

GUI_CONST_STORAGE unsigned char acGUI_FontLiberationSans28_0027[ 56] = { /* code 0027, APOSTROPHE */
  0x00, 0x00,
  0x00, 0x00,
  0x00, 0x00,
  0x00, 0x00,
  0x00, 0x00,
  0x00, 0x00,
  0x2D, 0x00,
  0x2D, 0x00,
  0x1D, 0x00,
  0x1D, 0x00,
  0x1D, 0x00,
  0x00, 0x00,
  0x00, 0x00,
  0x00, 0x00,
  0x00, 0x00,
  0x00, 0x00,
  0x00, 0x00,
  0x00, 0x00,
  0x00, 0x00,
  0x00, 0x00,
  0x00, 0x00,
  0x00, 0x00,
  0x00, 0x00,
  0x00, 0x00,
  0x00, 0x00,
  0x00, 0x00,
  0x00, 0x00,
  0x00, 0x00
};

GUI_CONST_STORAGE unsigned char acGUI_FontLiberationSans28_0028[ 56] = { /* code 0028, LEFT PARENTHESIS */
  0x00, 0x00,
  0x00, 0x00,
  0x00, 0x00,
  0x00, 0x00,
  0x00, 0x00,
  0x00, 0x2D,
  0x00, 0x78,
  0x00, 0xF0,
  0x02, 0xD0,
  0x03, 0xC0,
  0x07, 0x80,
  0x0B, 0x40,
  0x0F, 0x00,
  0x1F, 0x00,
  0x1E, 0x00,
  0x1E, 0x00,
  0x1E, 0x00,
  0x1E, 0x00,
  0x1E, 0x00,
  0x1F, 0x00,
  0x0F, 0x00,
  0x0B, 0x40,
  0x07, 0x80,
  0x03, 0xC0,
  0x02, 0xD0,
  0x00, 0xF0,
  0x00, 0x78,
  0x00, 0x2D
};

GUI_CONST_STORAGE unsigned char acGUI_FontLiberationSans28_0029[ 56] = { /* code 0029, RIGHT PARENTHESIS */
  0x00, 0x00,
  0x00, 0x00,
  0x00, 0x00,
  0x00, 0x00,
  0x00, 0x00,
  0x78, 0x00,
  0x2D, 0x00,
  0x0F, 0x00,
  0x07, 0x80,
  0x03, 0xC0,
  0x02, 0xD0,
  0x01, 0xE0,
  0x00, 0xF0,
  0x00, 0xF4,
  0x00, 0xB4,
  0x00, 0xB4,
  0x00, 0xB4,
  0x00, 0xB4,
  0x00, 0xB4,
  0x00, 0xF4,
  0x00, 0xF0,
  0x01, 0xE0,
  0x02, 0xD0,
  0x03, 0xC0,
  0x07, 0x80,
  0x0F, 0x00,
  0x2D, 0x00,
  0x78, 0x00
};

GUI_CONST_STORAGE unsigned char acGUI_FontLiberationSans28_002A[ 84] = { /* code 002A, ASTERISK */
  0x00, 0x00, 0x00,
  0x00, 0x00, 0x00,
  0x00, 0x00, 0x00,
  0x00, 0x00, 0x00,
  0x00, 0x00, 0x00,
  0x00, 0x00, 0x00,
  0x00, 0xA0, 0x00,
  0x00, 0xA0, 0x00,
  0x00, 0xA0, 0x00,
  0x7E, 0xFB, 0xD0,
  0x0B, 0xFE, 0x00,
  0x01, 0xF4, 0x00,
  0x07, 0x5C, 0x00,
  0x0E, 0x0F, 0x00,
  0x09, 0x06, 0x00,
  0x00, 0x00, 0x00,
  0x00, 0x00, 0x00,
  0x00, 0x00, 0x00,
  0x00, 0x00, 0x00,
  0x00, 0x00, 0x00,
  0x00, 0x00, 0x00,
  0x00, 0x00, 0x00,
  0x00, 0x00, 0x00,
  0x00, 0x00, 0x00,
  0x00, 0x00, 0x00,
  0x00, 0x00, 0x00,
  0x00, 0x00, 0x00,
  0x00, 0x00, 0x00
};

GUI_CONST_STORAGE unsigned char acGUI_FontLiberationSans28_002B[112] = { /* code 002B, PLUS SIGN */
  0x00, 0x00, 0x00, 0x00,
  0x00, 0x00, 0x00, 0x00,
  0x00, 0x00, 0x00, 0x00,
  0x00, 0x00, 0x00, 0x00,
  0x00, 0x00, 0x00, 0x00,
  0x00, 0x00, 0x00, 0x00,
  0x00, 0x00, 0x00, 0x00,
  0x00, 0x00, 0x00, 0x00,
  0x00, 0x00, 0x00, 0x00,
  0x00, 0x07, 0x40, 0x00,
  0x00, 0x07, 0x40, 0x00,
  0x00, 0x07, 0x40, 0x00,
  0x00, 0x07, 0x40, 0x00,
  0x00, 0x07, 0x40, 0x00,
  0x2F, 0xFF, 0xFF, 0xD0,
  0x2F, 0xFF, 0xFF, 0xD0,
  0x00, 0x07, 0x40, 0x00,
  0x00, 0x07, 0x40, 0x00,
  0x00, 0x07, 0x40, 0x00,
  0x00, 0x07, 0x40, 0x00,
  0x00, 0x07, 0x40, 0x00,
  0x00, 0x00, 0x00, 0x00,
  0x00, 0x00, 0x00, 0x00,
  0x00, 0x00, 0x00, 0x00,
  0x00, 0x00, 0x00, 0x00,
  0x00, 0x00, 0x00, 0x00,
  0x00, 0x00, 0x00, 0x00,
  0x00, 0x00, 0x00, 0x00
};

GUI_CONST_STORAGE unsigned char acGUI_FontLiberationSans28_002C[ 56] = { /* code 002C, COMMA */
  0x00, 0x00,
  0x00, 0x00,
  0x00, 0x00,
  0x00, 0x00,
  0x00, 0x00,
  0x00, 0x00,
  0x00, 0x00,
  0x00, 0x00,
  0x00, 0x00,
  0x00, 0x00,
  0x00, 0x00,
  0x00, 0x00,
  0x00, 0x00,
  0x00, 0x00,
  0x00, 0x00,
  0x00, 0x00,
  0x00, 0x00,
  0x00, 0x00,
  0x00, 0x00,
  0x00, 0x00,
  0x0B, 0x80,
  0x0B, 0x80,
  0x0B, 0x80,
  0x02, 0x80,
  0x02, 0x40,
  0x07, 0x00,
  0x00, 0x00,
  0x00, 0x00
};

GUI_CONST_STORAGE unsigned char acGUI_FontLiberationSans28_002D[ 56] = { /* code 002D, HYPHEN-MINUS */
  0x00, 0x00,
  0x00, 0x00,
  0x00, 0x00,
  0x00, 0x00,
  0x00, 0x00,
  0x00, 0x00,
  0x00, 0x00,
  0x00, 0x00,
  0x00, 0x00,
  0x00, 0x00,
  0x00, 0x00,
  0x00, 0x00,
  0x00, 0x00,
  0x00, 0x00,
  0x3F, 0xFC,
  0x3F, 0xFC,
  0x00, 0x00,
  0x00, 0x00,
  0x00, 0x00,
  0x00, 0x00,
  0x00, 0x00,
  0x00, 0x00,
  0x00, 0x00,
  0x00, 0x00,
  0x00, 0x00,
  0x00, 0x00,
  0x00, 0x00,
  0x00, 0x00
};

GUI_CONST_STORAGE unsigned char acGUI_FontLiberationSans28_002E[ 56] = { /* code 002E, FULL STOP */
  0x00, 0x00,
  0x00, 0x00,
  0x00, 0x00,
  0x00, 0x00,
  0x00, 0x00,
  0x00, 0x00,
  0x00, 0x00,
  0x00, 0x00,
  0x00, 0x00,
  0x00, 0x00,
  0x00, 0x00,
  0x00, 0x00,
  0x00, 0x00,
  0x00, 0x00,
  0x00, 0x00,
  0x00, 0x00,
  0x00, 0x00,
  0x00, 0x00,
  0x00, 0x00,
  0x00, 0x00,
  0x0B, 0x80,
  0x0B, 0x80,
  0x0B, 0x80,
  0x00, 0x00,
  0x00, 0x00,
  0x00, 0x00,
  0x00, 0x00,
  0x00, 0x00
};

GUI_CONST_STORAGE unsigned char acGUI_FontLiberationSans28_002F[ 56] = { /* code 002F, SOLIDUS */
  0x00, 0x00,
  0x00, 0x00,
  0x00, 0x00,
  0x00, 0x00,
  0x00, 0x00,
  0x00, 0x38,
  0x00, 0x74,
  0x00, 0xB4,
  0x00, 0xF0,
  0x00, 0xE0,
  0x01, 0xD0,
  0x02, 0xC0,
  0x03, 0x80,
  0x07, 0x80,
  0x0B, 0x40,
  0x0B, 0x00,
  0x0E, 0x00,
  0x1D, 0x00,
  0x2C, 0x00,
  0x3C, 0x00,
  0x78, 0x00,
  0x74, 0x00,
  0xB0, 0x00,
  0x00, 0x00,
  0x00, 0x00,
  0x00, 0x00,
  0x00, 0x00,
  0x00, 0x00
};

GUI_CONST_STORAGE unsigned char acGUI_FontLiberationSans28_0030[112] = { /* code 0030, DIGIT ZERO */
  0x00, 0x00, 0x00, 0x00,
  0x00, 0x00, 0x00, 0x00,
  0x00, 0x00, 0x00, 0x00,
  0x00, 0x00, 0x00, 0x00,
  0x00, 0x00, 0x00, 0x00,
  0x00, 0x00, 0x00, 0x00,
  0x00, 0x7F, 0xE0, 0x00,
  0x03, 0xFF, 0xFC, 0x00,
  0x0B, 0x80, 0x2E, 0x00,
  0x1F, 0x00, 0x0F, 0x40,
  0x1E, 0x00, 0x0B, 0x80,
  0x2D, 0x00, 0x07, 0x80,
  0x3D, 0x00, 0x07, 0xC0,
  0x3C, 0x00, 0x03, 0xC0,
  0x3C, 0x00, 0x03, 0xC0,
  0x3C, 0x00, 0x03, 0xC0,
  0x3D, 0x00, 0x07, 0xC0,
  0x2D, 0x00, 0x07, 0x80,
  0x1E, 0x00, 0x0B, 0x40,
  0x0F, 0x00, 0x0F, 0x00,
  0x0B, 0x80, 0x2E, 0x00,
  0x03, 0xFF, 0xFC, 0x00,
  0x00, 0x7F, 0xD0, 0x00,
  0x00, 0x00, 0x00, 0x00,
  0x00, 0x00, 0x00, 0x00,
  0x00, 0x00, 0x00, 0x00,
  0x00, 0x00, 0x00, 0x00,
  0x00, 0x00, 0x00, 0x00
};

GUI_CONST_STORAGE unsigned char acGUI_FontLiberationSans28_0031[112] = { /* code 0031, DIGIT ONE */
  0x00, 0x00, 0x00, 0x00,
  0x00, 0x00, 0x00, 0x00,
  0x00, 0x00, 0x00, 0x00,
  0x00, 0x00, 0x00, 0x00,
  0x00, 0x00, 0x00, 0x00,
  0x00, 0x00, 0x00, 0x00,
  0x00, 0x0F, 0x40, 0x00,
  0x00, 0x7F, 0x40, 0x00,
  0x03, 0xEB, 0x40, 0x00,
  0x07, 0x4B, 0x40, 0x00,
  0x04, 0x0B, 0x40, 0x00,
  0x00, 0x0B, 0x40, 0x00,
  0x00, 0x0B, 0x40, 0x00,
  0x00, 0x0B, 0x40, 0x00,
  0x00, 0x0B, 0x40, 0x00,
  0x00, 0x0B, 0x40, 0x00,
  0x00, 0x0B, 0x40, 0x00,
  0x00, 0x0B, 0x40, 0x00,
  0x00, 0x0B, 0x40, 0x00,
  0x00, 0x0B, 0x40, 0x00,
  0x00, 0x0B, 0x40, 0x00,
  0x0B, 0xFF, 0xFF, 0x80,
  0x0F, 0xFF, 0xFF, 0x80,
  0x00, 0x00, 0x00, 0x00,
  0x00, 0x00, 0x00, 0x00,
  0x00, 0x00, 0x00, 0x00,
  0x00, 0x00, 0x00, 0x00,
  0x00, 0x00, 0x00, 0x00
};

GUI_CONST_STORAGE unsigned char acGUI_FontLiberationSans28_0032[112] = { /* code 0032, DIGIT TWO */
  0x00, 0x00, 0x00, 0x00,
  0x00, 0x00, 0x00, 0x00,
  0x00, 0x00, 0x00, 0x00,
  0x00, 0x00, 0x00, 0x00,
  0x00, 0x00, 0x00, 0x00,
  0x00, 0x00, 0x00, 0x00,
  0x00, 0xBF, 0xE0, 0x00,
  0x03, 0xFF, 0xFD, 0x00,
  0x0F, 0x80, 0x2F, 0x00,
  0x1F, 0x00, 0x0F, 0x40,
  0x19, 0x00, 0x0B, 0x40,
  0x00, 0x00, 0x0B, 0x40,
  0x00, 0x00, 0x1F, 0x00,
  0x00, 0x00, 0x3D, 0x00,
  0x00, 0x00, 0xF4, 0x00,
  0x00, 0x07, 0xD0, 0x00,
  0x00, 0x2F, 0x40, 0x00,
  0x00, 0xBC, 0x00, 0x00,
  0x02, 0xE0, 0x00, 0x00,
  0x0B, 0x80, 0x00, 0x00,
  0x1F, 0x00, 0x00, 0x00,
  0x2F, 0xFF, 0xFF, 0x80,
  0x2F, 0xFF, 0xFF, 0x80,
  0x00, 0x00, 0x00, 0x00,
  0x00, 0x00, 0x00, 0x00,
  0x00, 0x00, 0x00, 0x00,
  0x00, 0x00, 0x00, 0x00,
  0x00, 0x00, 0x00, 0x00
};

GUI_CONST_STORAGE unsigned char acGUI_FontLiberationSans28_0033[112] = { /* code 0033, DIGIT THREE */
  0x00, 0x00, 0x00, 0x00,
  0x00, 0x00, 0x00, 0x00,
  0x00, 0x00, 0x00, 0x00,
  0x00, 0x00, 0x00, 0x00,
  0x00, 0x00, 0x00, 0x00,
  0x00, 0x00, 0x00, 0x00,
  0x00, 0xBF, 0xE0, 0x00,
  0x07, 0xFF, 0xFD, 0x00,
  0x0F, 0x40, 0x2F, 0x00,
  0x1E, 0x00, 0x0F, 0x40,
  0x19, 0x00, 0x0B, 0x40,
  0x00, 0x00, 0x0F, 0x00,
  0x00, 0x00, 0x7E, 0x00,
  0x00, 0x2F, 0xE4, 0x00,
  0x00, 0x2F, 0xF8, 0x00,
  0x00, 0x00, 0x2F, 0x00,
  0x00, 0x00, 0x0B, 0x80,
  0x00, 0x00, 0x07, 0x80,
  0x2C, 0x00, 0x07, 0x80,
  0x2E, 0x00, 0x0B, 0x80,
  0x1F, 0x40, 0x1F, 0x40,
  0x07, 0xFF, 0xFE, 0x00,
  0x00, 0xBF, 0xE0, 0x00,
  0x00, 0x00, 0x00, 0x00,
  0x00, 0x00, 0x00, 0x00,
  0x00, 0x00, 0x00, 0x00,
  0x00, 0x00, 0x00, 0x00,
  0x00, 0x00, 0x00, 0x00
};

GUI_CONST_STORAGE unsigned char acGUI_FontLiberationSans28_0034[112] = { /* code 0034, DIGIT FOUR */
  0x00, 0x00, 0x00, 0x00,
  0x00, 0x00, 0x00, 0x00,
  0x00, 0x00, 0x00, 0x00,
  0x00, 0x00, 0x00, 0x00,
  0x00, 0x00, 0x00, 0x00,
  0x00, 0x00, 0x00, 0x00,
  0x00, 0x00, 0xB8, 0x00,
  0x00, 0x01, 0xF8, 0x00,
  0x00, 0x07, 0xF8, 0x00,
  0x00, 0x0F, 0x78, 0x00,
  0x00, 0x2D, 0x38, 0x00,
  0x00, 0x78, 0x38, 0x00,
  0x00, 0xF0, 0x38, 0x00,
  0x02, 0xC0, 0x38, 0x00,
  0x07, 0x40, 0x38, 0x00,
  0x1E, 0x00, 0x38, 0x00,
  0x3C, 0x00, 0x38, 0x00,
  0x7F, 0xFF, 0xFF, 0xD0,
  0x7F, 0xFF, 0xFF, 0xD0,
  0x00, 0x00, 0x38, 0x00,
  0x00, 0x00, 0x38, 0x00,
  0x00, 0x00, 0x38, 0x00,
  0x00, 0x00, 0x38, 0x00,
  0x00, 0x00, 0x00, 0x00,
  0x00, 0x00, 0x00, 0x00,
  0x00, 0x00, 0x00, 0x00,
  0x00, 0x00, 0x00, 0x00,
  0x00, 0x00, 0x00, 0x00
};

GUI_CONST_STORAGE unsigned char acGUI_FontLiberationSans28_0035[112] = { /* code 0035, DIGIT FIVE */
  0x00, 0x00, 0x00, 0x00,
  0x00, 0x00, 0x00, 0x00,
  0x00, 0x00, 0x00, 0x00,
  0x00, 0x00, 0x00, 0x00,
  0x00, 0x00, 0x00, 0x00,
  0x00, 0x00, 0x00, 0x00,
  0x0F, 0xFF, 0xFF, 0x00,
  0x0F, 0xFF, 0xFE, 0x00,
  0x0F, 0x00, 0x00, 0x00,
  0x0F, 0x00, 0x00, 0x00,
  0x0E, 0x00, 0x00, 0x00,
  0x1E, 0x00, 0x00, 0x00,
  0x1E, 0x6F, 0xE0, 0x00,
  0x1F, 0xFF, 0xFD, 0x00,
  0x1F, 0x40, 0x2F, 0x40,
  0x00, 0x00, 0x0B, 0x80,
  0x00, 0x00, 0x07, 0xC0,
  0x00, 0x00, 0x07, 0xC0,
  0x00, 0x00, 0x07, 0x80,
  0x2D, 0x00, 0x0B, 0x80,
  0x1F, 0x40, 0x2F, 0x00,
  0x0B, 0xFF, 0xFD, 0x00,
  0x01, 0xBF, 0xE0, 0x00,
  0x00, 0x00, 0x00, 0x00,
  0x00, 0x00, 0x00, 0x00,
  0x00, 0x00, 0x00, 0x00,
  0x00, 0x00, 0x00, 0x00,
  0x00, 0x00, 0x00, 0x00
};

GUI_CONST_STORAGE unsigned char acGUI_FontLiberationSans28_0036[112] = { /* code 0036, DIGIT SIX */
  0x00, 0x00, 0x00, 0x00,
  0x00, 0x00, 0x00, 0x00,
  0x00, 0x00, 0x00, 0x00,
  0x00, 0x00, 0x00, 0x00,
  0x00, 0x00, 0x00, 0x00,
  0x00, 0x00, 0x00, 0x00,
  0x00, 0x2F, 0xE0, 0x00,
  0x01, 0xFF, 0xFD, 0x00,
  0x07, 0xD0, 0x1F, 0x00,
  0x0B, 0x40, 0x0A, 0x00,
  0x0F, 0x00, 0x00, 0x00,
  0x1E, 0x00, 0x00, 0x00,
  0x2D, 0x2F, 0xE4, 0x00,
  0x2E, 0xFF, 0xFD, 0x00,
  0x2F, 0x80, 0x1F, 0x40,
  0x2F, 0x00, 0x0B, 0x80,
  0x2E, 0x00, 0x07, 0x80,
  0x1E, 0x00, 0x07, 0xC0,
  0x1E, 0x00, 0x07, 0x80,
  0x0F, 0x40, 0x0B, 0x80,
  0x07, 0xC0, 0x1F, 0x00,
  0x02, 0xFF, 0xFD, 0x00,
  0x00, 0x6F, 0xE0, 0x00,
  0x00, 0x00, 0x00, 0x00,
  0x00, 0x00, 0x00, 0x00,
  0x00, 0x00, 0x00, 0x00,
  0x00, 0x00, 0x00, 0x00,
  0x00, 0x00, 0x00, 0x00
};

GUI_CONST_STORAGE unsigned char acGUI_FontLiberationSans28_0037[112] = { /* code 0037, DIGIT SEVEN */
  0x00, 0x00, 0x00, 0x00,
  0x00, 0x00, 0x00, 0x00,
  0x00, 0x00, 0x00, 0x00,
  0x00, 0x00, 0x00, 0x00,
  0x00, 0x00, 0x00, 0x00,
  0x00, 0x00, 0x00, 0x00,
  0x2F, 0xFF, 0xFF, 0x80,
  0x2F, 0xFF, 0xFF, 0x80,
  0x00, 0x00, 0x0B, 0x40,
  0x00, 0x00, 0x1E, 0x00,
  0x00, 0x00, 0x3C, 0x00,
  0x00, 0x00, 0xB4, 0x00,
  0x00, 0x01, 0xE0, 0x00,
  0x00, 0x02, 0xC0, 0x00,
  0x00, 0x07, 0x80, 0x00,
  0x00, 0x0B, 0x40, 0x00,
  0x00, 0x0F, 0x00, 0x00,
  0x00, 0x2E, 0x00, 0x00,
  0x00, 0x2D, 0x00, 0x00,
  0x00, 0x3C, 0x00, 0x00,
  0x00, 0x7C, 0x00, 0x00,
  0x00, 0x78, 0x00, 0x00,
  0x00, 0x78, 0x00, 0x00,
  0x00, 0x00, 0x00, 0x00,
  0x00, 0x00, 0x00, 0x00,
  0x00, 0x00, 0x00, 0x00,
  0x00, 0x00, 0x00, 0x00,
  0x00, 0x00, 0x00, 0x00
};

GUI_CONST_STORAGE unsigned char acGUI_FontLiberationSans28_0038[112] = { /* code 0038, DIGIT EIGHT */
  0x00, 0x00, 0x00, 0x00,
  0x00, 0x00, 0x00, 0x00,
  0x00, 0x00, 0x00, 0x00,
  0x00, 0x00, 0x00, 0x00,
  0x00, 0x00, 0x00, 0x00,
  0x00, 0x00, 0x00, 0x00,
  0x00, 0xBF, 0xE0, 0x00,
  0x07, 0xFA, 0xFD, 0x00,
  0x0F, 0x40, 0x1F, 0x00,
  0x1E, 0x00, 0x0B, 0x40,
  0x1E, 0x00, 0x0B, 0x40,
  0x1F, 0x00, 0x0F, 0x40,
  0x0B, 0xC0, 0x2E, 0x00,
  0x01, 0xFF, 0xF4, 0x00,
  0x03, 0xFA, 0xFC, 0x00,
  0x0F, 0x40, 0x1F, 0x00,
  0x2E, 0x00, 0x07, 0x80,
  0x2D, 0x00, 0x07, 0x80,
  0x2D, 0x00, 0x07, 0x80,
  0x2E, 0x00, 0x0B, 0x80,
  0x1F, 0x40, 0x1F, 0x40,
  0x07, 0xFA, 0xFE, 0x00,
  0x00, 0xBF, 0xE0, 0x00,
  0x00, 0x00, 0x00, 0x00,
  0x00, 0x00, 0x00, 0x00,
  0x00, 0x00, 0x00, 0x00,
  0x00, 0x00, 0x00, 0x00,
  0x00, 0x00, 0x00, 0x00
};

GUI_CONST_STORAGE unsigned char acGUI_FontLiberationSans28_0039[112] = { /* code 0039, DIGIT NINE */
  0x00, 0x00, 0x00, 0x00,
  0x00, 0x00, 0x00, 0x00,
  0x00, 0x00, 0x00, 0x00,
  0x00, 0x00, 0x00, 0x00,
  0x00, 0x00, 0x00, 0x00,
  0x00, 0x00, 0x00, 0x00,
  0x00, 0xBF, 0xD0, 0x00,
  0x07, 0xFF, 0xF8, 0x00,
  0x0F, 0x80, 0x3E, 0x00,
  0x1E, 0x00, 0x0F, 0x00,
  0x2D, 0x00, 0x0B, 0x40,
  0x2D, 0x00, 0x07, 0x80,
  0x2D, 0x00, 0x0B, 0x80,
  0x1E, 0x00, 0x0B, 0x80,
  0x0F, 0x80, 0x2F, 0x80,
  0x07, 0xFF, 0xF7, 0x80,
  0x00, 0xBF, 0x87, 0x80,
  0x00, 0x00, 0x0B, 0x40,
  0x00, 0x00, 0x0F, 0x40,
  0x0E, 0x00, 0x1E, 0x00,
  0x0F, 0x40, 0x7D, 0x00,
  0x07, 0xFF, 0xF4, 0x00,
  0x01, 0xBF, 0x80, 0x00,
  0x00, 0x00, 0x00, 0x00,
  0x00, 0x00, 0x00, 0x00,
  0x00, 0x00, 0x00, 0x00,
  0x00, 0x00, 0x00, 0x00,
  0x00, 0x00, 0x00, 0x00
};

GUI_CONST_STORAGE unsigned char acGUI_FontLiberationSans28_003A[ 56] = { /* code 003A, COLON */
  0x00, 0x00,
  0x00, 0x00,
  0x00, 0x00,
  0x00, 0x00,
  0x00, 0x00,
  0x00, 0x00,
  0x00, 0x00,
  0x00, 0x00,
  0x00, 0x00,
  0x0B, 0x80,
  0x0B, 0x80,
  0x0B, 0x80,
  0x00, 0x00,
  0x00, 0x00,
  0x00, 0x00,
  0x00, 0x00,
  0x00, 0x00,
  0x00, 0x00,
  0x00, 0x00,
  0x00, 0x00,
  0x0B, 0x80,
  0x0B, 0x80,
  0x0B, 0x80,
  0x00, 0x00,
  0x00, 0x00,
  0x00, 0x00,
  0x00, 0x00,
  0x00, 0x00
};

GUI_CONST_STORAGE unsigned char acGUI_FontLiberationSans28_003B[ 56] = { /* code 003B, SEMICOLON */
  0x00, 0x00,
  0x00, 0x00,
  0x00, 0x00,
  0x00, 0x00,
  0x00, 0x00,
  0x00, 0x00,
  0x00, 0x00,
  0x00, 0x00,
  0x00, 0x00,
  0x0B, 0x80,
  0x0B, 0x80,
  0x0B, 0x80,
  0x00, 0x00,
  0x00, 0x00,
  0x00, 0x00,
  0x00, 0x00,
  0x00, 0x00,
  0x00, 0x00,
  0x00, 0x00,
  0x00, 0x00,
  0x0B, 0x80,
  0x0B, 0x80,
  0x0B, 0x80,
  0x02, 0x80,
  0x02, 0x40,
  0x07, 0x00,
  0x00, 0x00,
  0x00, 0x00
};

GUI_CONST_STORAGE unsigned char acGUI_FontLiberationSans28_003C[112] = { /* code 003C, LESS-THAN SIGN */
  0x00, 0x00, 0x00, 0x00,
  0x00, 0x00, 0x00, 0x00,
  0x00, 0x00, 0x00, 0x00,
  0x00, 0x00, 0x00, 0x00,
  0x00, 0x00, 0x00, 0x00,
  0x00, 0x00, 0x00, 0x00,
  0x00, 0x00, 0x00, 0x00,
  0x00, 0x00, 0x00, 0x00,
  0x00, 0x00, 0x00, 0x60,
  0x00, 0x00, 0x0B, 0xE0,
  0x00, 0x01, 0xFF, 0x40,
  0x00, 0x1F, 0xE0, 0x00,
  0x02, 0xFE, 0x00, 0x00,
  0x2F, 0xD0, 0x00, 0x00,
  0x2D, 0x00, 0x00, 0x00,
  0x2F, 0xD0, 0x00, 0x00,
  0x02, 0xFE, 0x00, 0x00,
  0x00, 0x2F, 0xE0, 0x00,
  0x00, 0x01, 0xFF, 0x40,
  0x00, 0x00, 0x0B, 0xE0,
  0x00, 0x00, 0x00, 0x60,
  0x00, 0x00, 0x00, 0x00,
  0x00, 0x00, 0x00, 0x00,
  0x00, 0x00, 0x00, 0x00,
  0x00, 0x00, 0x00, 0x00,
  0x00, 0x00, 0x00, 0x00,
  0x00, 0x00, 0x00, 0x00,
  0x00, 0x00, 0x00, 0x00
};

GUI_CONST_STORAGE unsigned char acGUI_FontLiberationSans28_003D[112] = { /* code 003D, EQUALS SIGN */
  0x00, 0x00, 0x00, 0x00,
  0x00, 0x00, 0x00, 0x00,
  0x00, 0x00, 0x00, 0x00,
  0x00, 0x00, 0x00, 0x00,
  0x00, 0x00, 0x00, 0x00,
  0x00, 0x00, 0x00, 0x00,
  0x00, 0x00, 0x00, 0x00,
  0x00, 0x00, 0x00, 0x00,
  0x00, 0x00, 0x00, 0x00,
  0x00, 0x00, 0x00, 0x00,
  0x00, 0x00, 0x00, 0x00,
  0x2F, 0xFF, 0xFF, 0xE0,
  0x2F, 0xFF, 0xFF, 0xE0,
  0x00, 0x00, 0x00, 0x00,
  0x00, 0x00, 0x00, 0x00,
  0x00, 0x00, 0x00, 0x00,
  0x00, 0x00, 0x00, 0x00,
  0x2F, 0xFF, 0xFF, 0xE0,
  0x2F, 0xFF, 0xFF, 0xE0,
  0x00, 0x00, 0x00, 0x00,
  0x00, 0x00, 0x00, 0x00,
  0x00, 0x00, 0x00, 0x00,
  0x00, 0x00, 0x00, 0x00,
  0x00, 0x00, 0x00, 0x00,
  0x00, 0x00, 0x00, 0x00,
  0x00, 0x00, 0x00, 0x00,
  0x00, 0x00, 0x00, 0x00,
  0x00, 0x00, 0x00, 0x00
};

GUI_CONST_STORAGE unsigned char acGUI_FontLiberationSans28_003E[112] = { /* code 003E, GREATER-THAN SIGN */
  0x00, 0x00, 0x00, 0x00,
  0x00, 0x00, 0x00, 0x00,
  0x00, 0x00, 0x00, 0x00,
  0x00, 0x00, 0x00, 0x00,
  0x00, 0x00, 0x00, 0x00,
  0x00, 0x00, 0x00, 0x00,
  0x00, 0x00, 0x00, 0x00,
  0x00, 0x00, 0x00, 0x00,
  0x24, 0x00, 0x00, 0x00,
  0x2F, 0x80, 0x00, 0x00,
  0x07, 0xFD, 0x00, 0x00,
  0x00, 0x2F, 0xD0, 0x00,
  0x00, 0x02, 0xFE, 0x00,
  0x00, 0x00, 0x1F, 0xE0,
  0x00, 0x00, 0x01, 0xE0,
  0x00, 0x00, 0x1F, 0xE0,
  0x00, 0x02, 0xFE, 0x00,
  0x00, 0x2F, 0xE0, 0x00,
  0x07, 0xFD, 0x00, 0x00,
  0x2F, 0x80, 0x00, 0x00,
  0x24, 0x00, 0x00, 0x00,
  0x00, 0x00, 0x00, 0x00,
  0x00, 0x00, 0x00, 0x00,
  0x00, 0x00, 0x00, 0x00,
  0x00, 0x00, 0x00, 0x00,
  0x00, 0x00, 0x00, 0x00,
  0x00, 0x00, 0x00, 0x00,
  0x00, 0x00, 0x00, 0x00
};

GUI_CONST_STORAGE unsigned char acGUI_FontLiberationSans28_003F[112] = { /* code 003F, QUESTION MARK */
  0x00, 0x00, 0x00, 0x00,
  0x00, 0x00, 0x00, 0x00,
  0x00, 0x00, 0x00, 0x00,
  0x00, 0x00, 0x00, 0x00,
  0x00, 0x00, 0x00, 0x00,
  0x00, 0x00, 0x00, 0x00,
  0x00, 0xBF, 0xE4, 0x00,
  0x07, 0xFF, 0xFE, 0x00,
  0x0F, 0x80, 0x1F, 0x80,
  0x2E, 0x00, 0x07, 0xC0,
  0x2D, 0x00, 0x03, 0xC0,
  0x00, 0x00, 0x07, 0xC0,
  0x00, 0x00, 0x0B, 0x80,
  0x00, 0x00, 0x3E, 0x00,
  0x00, 0x01, 0xF8, 0x00,
  0x00, 0x07, 0xC0, 0x00,
  0x00, 0x0F, 0x00, 0x00,
  0x00, 0x1E, 0x00, 0x00,
  0x00, 0x00, 0x00, 0x00,
  0x00, 0x00, 0x00, 0x00,
  0x00, 0x2E, 0x00, 0x00,
  0x00, 0x2E, 0x00, 0x00,
  0x00, 0x2E, 0x00, 0x00,
  0x00, 0x00, 0x00, 0x00,
  0x00, 0x00, 0x00, 0x00,
  0x00, 0x00, 0x00, 0x00,
  0x00, 0x00, 0x00, 0x00,
  0x00, 0x00, 0x00, 0x00
};

GUI_CONST_STORAGE unsigned char acGUI_FontLiberationSans28_0040[196] = { /* code 0040, COMMERCIAL AT */
  0x00, 0x00, 0x00, 0x00, 0x00, 0x00, 0x00,
  0x00, 0x00, 0x00, 0x00, 0x00, 0x00, 0x00,
  0x00, 0x00, 0x00, 0x00, 0x00, 0x00, 0x00,
  0x00, 0x00, 0x00, 0x00, 0x00, 0x00, 0x00,
  0x00, 0x00, 0x00, 0x00, 0x00, 0x00, 0x00,
  0x00, 0x00, 0x1B, 0xFF, 0x90, 0x00, 0x00,
  0x00, 0x01, 0xFE, 0xAA, 0xFD, 0x00, 0x00,
  0x00, 0x0B, 0xC0, 0x00, 0x1F, 0x80, 0x00,
  0x00, 0x3D, 0x00, 0x00, 0x02, 0xD0, 0x00,
  0x00, 0xB4, 0x00, 0x00, 0x00, 0xB0, 0x00,
  0x01, 0xD0, 0x0B, 0xF8, 0x74, 0x74, 0x00,
  0x03, 0xC0, 0x7F, 0xAE, 0xB4, 0x38, 0x00,
  0x07, 0x40, 0xF0, 0x03, 0xF0, 0x28, 0x00,
  0x0B, 0x02, 0xD0, 0x01, 0xE0, 0x28, 0x00,
  0x0A, 0x03, 0x80, 0x01, 0xD0, 0x28, 0x00,
  0x0E, 0x07, 0x80, 0x02, 0xD0, 0x38, 0x00,
  0x0E, 0x07, 0x40, 0x03, 0xC0, 0x34, 0x00,
  0x0E, 0x07, 0x80, 0x0B, 0x80, 0xB0, 0x00,
  0x0E, 0x03, 0xC0, 0x2B, 0x81, 0xE0, 0x00,
  0x0B, 0x02, 0xFA, 0xE3, 0xDB, 0x80, 0x00,
  0x07, 0x40, 0xBF, 0x41, 0xFD, 0x00, 0x00,
  0x03, 0xC0, 0x00, 0x00, 0x00, 0x00, 0x00,
  0x01, 0xF0, 0x00, 0x00, 0x00, 0x00, 0x00,
  0x00, 0x7D, 0x00, 0x00, 0x7C, 0x00, 0x00,
  0x00, 0x1F, 0xFA, 0xAF, 0xF4, 0x00, 0x00,
  0x00, 0x01, 0xBF, 0xF9, 0x00, 0x00, 0x00,
  0x00, 0x00, 0x00, 0x00, 0x00, 0x00, 0x00,
  0x00, 0x00, 0x00, 0x00, 0x00, 0x00, 0x00
};

GUI_CONST_STORAGE unsigned char acGUI_FontLiberationSans28_0041[140] = { /* code 0041, LATIN CAPITAL LETTER A */
  0x00, 0x00, 0x00, 0x00, 0x00,
  0x00, 0x00, 0x00, 0x00, 0x00,
  0x00, 0x00, 0x00, 0x00, 0x00,
  0x00, 0x00, 0x00, 0x00, 0x00,
  0x00, 0x00, 0x00, 0x00, 0x00,
  0x00, 0x00, 0x00, 0x00, 0x00,
  0x00, 0x03, 0xF0, 0x00, 0x00,
  0x00, 0x07, 0xF4, 0x00, 0x00,
  0x00, 0x0B, 0x7C, 0x00, 0x00,
  0x00, 0x0E, 0x2D, 0x00, 0x00,
  0x00, 0x2D, 0x1E, 0x00, 0x00,
  0x00, 0x3C, 0x0F, 0x00, 0x00,
  0x00, 0x78, 0x0B, 0x80, 0x00,
  0x00, 0xF4, 0x03, 0xC0, 0x00,
  0x01, 0xE0, 0x02, 0xD0, 0x00,
  0x02, 0xD0, 0x01, 0xE0, 0x00,
  0x03, 0xFF, 0xFF, 0xF4, 0x00,
  0x0B, 0xFF, 0xFF, 0xF8, 0x00,
  0x0F, 0x00, 0x00, 0x3C, 0x00,
  0x1E, 0x00, 0x00, 0x2D, 0x00,
  0x2D, 0x00, 0x00, 0x1E, 0x00,
  0x7C, 0x00, 0x00, 0x0F, 0x40,
  0xB8, 0x00, 0x00, 0x0B, 0x80,
  0x00, 0x00, 0x00, 0x00, 0x00,
  0x00, 0x00, 0x00, 0x00, 0x00,
  0x00, 0x00, 0x00, 0x00, 0x00,
  0x00, 0x00, 0x00, 0x00, 0x00,
  0x00, 0x00, 0x00, 0x00, 0x00
};

GUI_CONST_STORAGE unsigned char acGUI_FontLiberationSans28_0042[140] = { /* code 0042, LATIN CAPITAL LETTER B */
  0x00, 0x00, 0x00, 0x00, 0x00,
  0x00, 0x00, 0x00, 0x00, 0x00,
  0x00, 0x00, 0x00, 0x00, 0x00,
  0x00, 0x00, 0x00, 0x00, 0x00,
  0x00, 0x00, 0x00, 0x00, 0x00,
  0x00, 0x00, 0x00, 0x00, 0x00,
  0x0F, 0xFF, 0xFE, 0x00, 0x00,
  0x0F, 0xFF, 0xFF, 0xE0, 0x00,
  0x0F, 0x40, 0x02, 0xF4, 0x00,
  0x0F, 0x40, 0x00, 0xB8, 0x00,
  0x0F, 0x40, 0x00, 0xB8, 0x00,
  0x0F, 0x40, 0x00, 0xF4, 0x00,
  0x0F, 0x40, 0x03, 0xE0, 0x00,
  0x0F, 0xFF, 0xFF, 0x40, 0x00,
  0x0F, 0xFF, 0xFF, 0xD0, 0x00,
  0x0F, 0x40, 0x00, 0xF8, 0x00,
  0x0F, 0x40, 0x00, 0x3D, 0x00,
  0x0F, 0x40, 0x00, 0x2E, 0x00,
  0x0F, 0x40, 0x00, 0x2E, 0x00,
  0x0F, 0x40, 0x00, 0x3D, 0x00,
  0x0F, 0x40, 0x00, 0xFC, 0x00,
  0x0F, 0xFF, 0xFF, 0xF0, 0x00,
  0x0F, 0xFF, 0xFF, 0x40, 0x00,
  0x00, 0x00, 0x00, 0x00, 0x00,
  0x00, 0x00, 0x00, 0x00, 0x00,
  0x00, 0x00, 0x00, 0x00, 0x00,
  0x00, 0x00, 0x00, 0x00, 0x00,
  0x00, 0x00, 0x00, 0x00, 0x00
};

GUI_CONST_STORAGE unsigned char acGUI_FontLiberationSans28_0043[140] = { /* code 0043, LATIN CAPITAL LETTER C */
  0x00, 0x00, 0x00, 0x00, 0x00,
  0x00, 0x00, 0x00, 0x00, 0x00,
  0x00, 0x00, 0x00, 0x00, 0x00,
  0x00, 0x00, 0x00, 0x00, 0x00,
  0x00, 0x00, 0x00, 0x00, 0x00,
  0x00, 0x00, 0x00, 0x00, 0x00,
  0x00, 0x07, 0xFF, 0x80, 0x00,
  0x00, 0xBF, 0xFF, 0xF8, 0x00,
  0x02, 0xF8, 0x00, 0x7E, 0x00,
  0x07, 0xD0, 0x00, 0x0F, 0x40,
  0x0F, 0x80, 0x00, 0x07, 0x40,
  0x1F, 0x00, 0x00, 0x00, 0x00,
  0x2E, 0x00, 0x00, 0x00, 0x00,
  0x2E, 0x00, 0x00, 0x00, 0x00,
  0x2E, 0x00, 0x00, 0x00, 0x00,
  0x2E, 0x00, 0x00, 0x00, 0x00,
  0x1E, 0x00, 0x00, 0x00, 0x00,
  0x1F, 0x00, 0x00, 0x00, 0x00,
  0x0F, 0x80, 0x00, 0x03, 0x40,
  0x07, 0xD0, 0x00, 0x0F, 0x80,
  0x02, 0xFC, 0x00, 0x7F, 0x00,
  0x00, 0xBF, 0xFF, 0xF8, 0x00,
  0x00, 0x07, 0xFF, 0x80, 0x00,
  0x00, 0x00, 0x00, 0x00, 0x00,
  0x00, 0x00, 0x00, 0x00, 0x00,
  0x00, 0x00, 0x00, 0x00, 0x00,
  0x00, 0x00, 0x00, 0x00, 0x00,
  0x00, 0x00, 0x00, 0x00, 0x00
};

GUI_CONST_STORAGE unsigned char acGUI_FontLiberationSans28_0044[140] = { /* code 0044, LATIN CAPITAL LETTER D */
  0x00, 0x00, 0x00, 0x00, 0x00,
  0x00, 0x00, 0x00, 0x00, 0x00,
  0x00, 0x00, 0x00, 0x00, 0x00,
  0x00, 0x00, 0x00, 0x00, 0x00,
  0x00, 0x00, 0x00, 0x00, 0x00,
  0x00, 0x00, 0x00, 0x00, 0x00,
  0x0F, 0xFF, 0xF9, 0x00, 0x00,
  0x0F, 0xFF, 0xFF, 0xE0, 0x00,
  0x0F, 0x40, 0x02, 0xF8, 0x00,
  0x0F, 0x40, 0x00, 0x7E, 0x00,
  0x0F, 0x40, 0x00, 0x1F, 0x00,
  0x0F, 0x40, 0x00, 0x0F, 0x40,
  0x0F, 0x40, 0x00, 0x0B, 0x80,
  0x0F, 0x40, 0x00, 0x07, 0x80,
  0x0F, 0x40, 0x00, 0x07, 0x80,
  0x0F, 0x40, 0x00, 0x07, 0x80,
  0x0F, 0x40, 0x00, 0x0B, 0x80,
  0x0F, 0x40, 0x00, 0x0F, 0x40,
  0x0F, 0x40, 0x00, 0x2F, 0x00,
  0x0F, 0x40, 0x00, 0x7D, 0x00,
  0x0F, 0x40, 0x02, 0xF8, 0x00,
  0x0F, 0xFF, 0xFF, 0xD0, 0x00,
  0x0F, 0xFF, 0xFD, 0x00, 0x00,
  0x00, 0x00, 0x00, 0x00, 0x00,
  0x00, 0x00, 0x00, 0x00, 0x00,
  0x00, 0x00, 0x00, 0x00, 0x00,
  0x00, 0x00, 0x00, 0x00, 0x00,
  0x00, 0x00, 0x00, 0x00, 0x00
};

GUI_CONST_STORAGE unsigned char acGUI_FontLiberationSans28_0045[140] = { /* code 0045, LATIN CAPITAL LETTER E */
  0x00, 0x00, 0x00, 0x00, 0x00,
  0x00, 0x00, 0x00, 0x00, 0x00,
  0x00, 0x00, 0x00, 0x00, 0x00,
  0x00, 0x00, 0x00, 0x00, 0x00,
  0x00, 0x00, 0x00, 0x00, 0x00,
  0x00, 0x00, 0x00, 0x00, 0x00,
  0x0F, 0xFF, 0xFF, 0xFD, 0x00,
  0x0F, 0xFF, 0xFF, 0xFD, 0x00,
  0x0F, 0x40, 0x00, 0x00, 0x00,
  0x0F, 0x40, 0x00, 0x00, 0x00,
  0x0F, 0x40, 0x00, 0x00, 0x00,
  0x0F, 0x40, 0x00, 0x00, 0x00,
  0x0F, 0x40, 0x00, 0x00, 0x00,
  0x0F, 0xFF, 0xFF, 0xF8, 0x00,
  0x0F, 0xFF, 0xFF, 0xF8, 0x00,
  0x0F, 0x40, 0x00, 0x00, 0x00,
  0x0F, 0x40, 0x00, 0x00, 0x00,
  0x0F, 0x40, 0x00, 0x00, 0x00,
  0x0F, 0x40, 0x00, 0x00, 0x00,
  0x0F, 0x40, 0x00, 0x00, 0x00,
  0x0F, 0x40, 0x00, 0x00, 0x00,
  0x0F, 0xFF, 0xFF, 0xFE, 0x00,
  0x0F, 0xFF, 0xFF, 0xFE, 0x00,
  0x00, 0x00, 0x00, 0x00, 0x00,
  0x00, 0x00, 0x00, 0x00, 0x00,
  0x00, 0x00, 0x00, 0x00, 0x00,
  0x00, 0x00, 0x00, 0x00, 0x00,
  0x00, 0x00, 0x00, 0x00, 0x00
};

GUI_CONST_STORAGE unsigned char acGUI_FontLiberationSans28_0046[112] = { /* code 0046, LATIN CAPITAL LETTER F */
  0x00, 0x00, 0x00, 0x00,
  0x00, 0x00, 0x00, 0x00,
  0x00, 0x00, 0x00, 0x00,
  0x00, 0x00, 0x00, 0x00,
  0x00, 0x00, 0x00, 0x00,
  0x00, 0x00, 0x00, 0x00,
  0x0F, 0xFF, 0xFF, 0xF0,
  0x0F, 0xFF, 0xFF, 0xF0,
  0x0F, 0x40, 0x00, 0x00,
  0x0F, 0x40, 0x00, 0x00,
  0x0F, 0x40, 0x00, 0x00,
  0x0F, 0x40, 0x00, 0x00,
  0x0F, 0x40, 0x00, 0x00,
  0x0F, 0x40, 0x00, 0x00,
  0x0F, 0xFF, 0xFF, 0xE0,
  0x0F, 0xFF, 0xFF, 0xE0,
  0x0F, 0x40, 0x00, 0x00,
  0x0F, 0x40, 0x00, 0x00,
  0x0F, 0x40, 0x00, 0x00,
  0x0F, 0x40, 0x00, 0x00,
  0x0F, 0x40, 0x00, 0x00,
  0x0F, 0x40, 0x00, 0x00,
  0x0F, 0x40, 0x00, 0x00,
  0x00, 0x00, 0x00, 0x00,
  0x00, 0x00, 0x00, 0x00,
  0x00, 0x00, 0x00, 0x00,
  0x00, 0x00, 0x00, 0x00,
  0x00, 0x00, 0x00, 0x00
};

GUI_CONST_STORAGE unsigned char acGUI_FontLiberationSans28_0047[140] = { /* code 0047, LATIN CAPITAL LETTER G */
  0x00, 0x00, 0x00, 0x00, 0x00,
  0x00, 0x00, 0x00, 0x00, 0x00,
  0x00, 0x00, 0x00, 0x00, 0x00,
  0x00, 0x00, 0x00, 0x00, 0x00,
  0x00, 0x00, 0x00, 0x00, 0x00,
  0x00, 0x00, 0x00, 0x00, 0x00,
  0x00, 0x0B, 0xFF, 0x80, 0x00,
  0x00, 0xBF, 0xFF, 0xF8, 0x00,
  0x02, 0xF8, 0x00, 0xBE, 0x00,
  0x0B, 0xC0, 0x00, 0x1F, 0x40,
  0x0F, 0x40, 0x00, 0x0A, 0x40,
  0x1F, 0x00, 0x00, 0x00, 0x00,
  0x2E, 0x00, 0x00, 0x00, 0x00,
  0x2E, 0x00, 0x00, 0x00, 0x00,
  0x2E, 0x00, 0x0F, 0xFF, 0xC0,
  0x2E, 0x00, 0x0F, 0xFF, 0xC0,
  0x2E, 0x00, 0x00, 0x03, 0xC0,
  0x1F, 0x00, 0x00, 0x03, 0xC0,
  0x0F, 0x80, 0x00, 0x03, 0xC0,
  0x07, 0xD0, 0x00, 0x07, 0xC0,
  0x02, 0xF8, 0x00, 0x7F, 0x80,
  0x00, 0xBF, 0xFF, 0xFD, 0x00,
  0x00, 0x07, 0xFF, 0x90, 0x00,
  0x00, 0x00, 0x00, 0x00, 0x00,
  0x00, 0x00, 0x00, 0x00, 0x00,
  0x00, 0x00, 0x00, 0x00, 0x00,
  0x00, 0x00, 0x00, 0x00, 0x00,
  0x00, 0x00, 0x00, 0x00, 0x00
};

GUI_CONST_STORAGE unsigned char acGUI_FontLiberationSans28_0048[140] = { /* code 0048, LATIN CAPITAL LETTER H */
  0x00, 0x00, 0x00, 0x00, 0x00,
  0x00, 0x00, 0x00, 0x00, 0x00,
  0x00, 0x00, 0x00, 0x00, 0x00,
  0x00, 0x00, 0x00, 0x00, 0x00,
  0x00, 0x00, 0x00, 0x00, 0x00,
  0x00, 0x00, 0x00, 0x00, 0x00,
  0x0F, 0x40, 0x00, 0x1F, 0x00,
  0x0F, 0x40, 0x00, 0x1F, 0x00,
  0x0F, 0x40, 0x00, 0x1F, 0x00,
  0x0F, 0x40, 0x00, 0x1F, 0x00,
  0x0F, 0x40, 0x00, 0x1F, 0x00,
  0x0F, 0x40, 0x00, 0x1F, 0x00,
  0x0F, 0x40, 0x00, 0x1F, 0x00,
  0x0F, 0xFF, 0xFF, 0xFF, 0x00,
  0x0F, 0xFF, 0xFF, 0xFF, 0x00,
  0x0F, 0x40, 0x00, 0x1F, 0x00,
  0x0F, 0x40, 0x00, 0x1F, 0x00,
  0x0F, 0x40, 0x00, 0x1F, 0x00,
  0x0F, 0x40, 0x00, 0x1F, 0x00,
  0x0F, 0x40, 0x00, 0x1F, 0x00,
  0x0F, 0x40, 0x00, 0x1F, 0x00,
  0x0F, 0x40, 0x00, 0x1F, 0x00,
  0x0F, 0x40, 0x00, 0x1F, 0x00,
  0x00, 0x00, 0x00, 0x00, 0x00,
  0x00, 0x00, 0x00, 0x00, 0x00,
  0x00, 0x00, 0x00, 0x00, 0x00,
  0x00, 0x00, 0x00, 0x00, 0x00,
  0x00, 0x00, 0x00, 0x00, 0x00
};

GUI_CONST_STORAGE unsigned char acGUI_FontLiberationSans28_0049[ 56] = { /* code 0049, LATIN CAPITAL LETTER I */
  0x00, 0x00,
  0x00, 0x00,
  0x00, 0x00,
  0x00, 0x00,
  0x00, 0x00,
  0x00, 0x00,
  0x0F, 0x40,
  0x0F, 0x40,
  0x0F, 0x40,
  0x0F, 0x40,
  0x0F, 0x40,
  0x0F, 0x40,
  0x0F, 0x40,
  0x0F, 0x40,
  0x0F, 0x40,
  0x0F, 0x40,
  0x0F, 0x40,
  0x0F, 0x40,
  0x0F, 0x40,
  0x0F, 0x40,
  0x0F, 0x40,
  0x0F, 0x40,
  0x0F, 0x40,
  0x00, 0x00,
  0x00, 0x00,
  0x00, 0x00,
  0x00, 0x00,
  0x00, 0x00
};

GUI_CONST_STORAGE unsigned char acGUI_FontLiberationSans28_004A[112] = { /* code 004A, LATIN CAPITAL LETTER J */
  0x00, 0x00, 0x00, 0x00,
  0x00, 0x00, 0x00, 0x00,
  0x00, 0x00, 0x00, 0x00,
  0x00, 0x00, 0x00, 0x00,
  0x00, 0x00, 0x00, 0x00,
  0x00, 0x00, 0x00, 0x00,
  0x00, 0x2F, 0xFC, 0x00,
  0x00, 0x2F, 0xFC, 0x00,
  0x00, 0x00, 0x7C, 0x00,
  0x00, 0x00, 0x7C, 0x00,
  0x00, 0x00, 0x7C, 0x00,
  0x00, 0x00, 0x7C, 0x00,
  0x00, 0x00, 0x7C, 0x00,
  0x00, 0x00, 0x7C, 0x00,
  0x00, 0x00, 0x7C, 0x00,
  0x00, 0x00, 0x7C, 0x00,
  0x00, 0x00, 0x7C, 0x00,
  0x00, 0x00, 0x7C, 0x00,
  0x78, 0x00, 0x7C, 0x00,
  0x7C, 0x00, 0x78, 0x00,
  0x2F, 0x01, 0xF4, 0x00,
  0x0F, 0xFF, 0xE0, 0x00,
  0x02, 0xFF, 0x40, 0x00,
  0x00, 0x00, 0x00, 0x00,
  0x00, 0x00, 0x00, 0x00,
  0x00, 0x00, 0x00, 0x00,
  0x00, 0x00, 0x00, 0x00,
  0x00, 0x00, 0x00, 0x00
};

GUI_CONST_STORAGE unsigned char acGUI_FontLiberationSans28_004B[140] = { /* code 004B, LATIN CAPITAL LETTER K */
  0x00, 0x00, 0x00, 0x00, 0x00,
  0x00, 0x00, 0x00, 0x00, 0x00,
  0x00, 0x00, 0x00, 0x00, 0x00,
  0x00, 0x00, 0x00, 0x00, 0x00,
  0x00, 0x00, 0x00, 0x00, 0x00,
  0x00, 0x00, 0x00, 0x00, 0x00,
  0x0F, 0x40, 0x00, 0x7C, 0x00,
  0x0F, 0x40, 0x01, 0xF0, 0x00,
  0x0F, 0x40, 0x07, 0xC0, 0x00,
  0x0F, 0x40, 0x1F, 0x00, 0x00,
  0x0F, 0x40, 0x7C, 0x00, 0x00,
  0x0F, 0x41, 0xF0, 0x00, 0x00,
  0x0F, 0x47, 0xC0, 0x00, 0x00,
  0x0F, 0x5F, 0x40, 0x00, 0x00,
  0x0F, 0xFF, 0xC0, 0x00, 0x00,
  0x0F, 0xE2, 0xF0, 0x00, 0x00,
  0x0F, 0x40, 0xBC, 0x00, 0x00,
  0x0F, 0x40, 0x3E, 0x00, 0x00,
  0x0F, 0x40, 0x0F, 0x80, 0x00,
  0x0F, 0x40, 0x03, 0xE0, 0x00,
  0x0F, 0x40, 0x01, 0xF4, 0x00,
  0x0F, 0x40, 0x00, 0x7D, 0x00,
  0x0F, 0x40, 0x00, 0x2F, 0x40,
  0x00, 0x00, 0x00, 0x00, 0x00,
  0x00, 0x00, 0x00, 0x00, 0x00,
  0x00, 0x00, 0x00, 0x00, 0x00,
  0x00, 0x00, 0x00, 0x00, 0x00,
  0x00, 0x00, 0x00, 0x00, 0x00
};

GUI_CONST_STORAGE unsigned char acGUI_FontLiberationSans28_004C[112] = { /* code 004C, LATIN CAPITAL LETTER L */
  0x00, 0x00, 0x00, 0x00,
  0x00, 0x00, 0x00, 0x00,
  0x00, 0x00, 0x00, 0x00,
  0x00, 0x00, 0x00, 0x00,
  0x00, 0x00, 0x00, 0x00,
  0x00, 0x00, 0x00, 0x00,
  0x0F, 0x40, 0x00, 0x00,
  0x0F, 0x40, 0x00, 0x00,
  0x0F, 0x40, 0x00, 0x00,
  0x0F, 0x40, 0x00, 0x00,
  0x0F, 0x40, 0x00, 0x00,
  0x0F, 0x40, 0x00, 0x00,
  0x0F, 0x40, 0x00, 0x00,
  0x0F, 0x40, 0x00, 0x00,
  0x0F, 0x40, 0x00, 0x00,
  0x0F, 0x40, 0x00, 0x00,
  0x0F, 0x40, 0x00, 0x00,
  0x0F, 0x40, 0x00, 0x00,
  0x0F, 0x40, 0x00, 0x00,
  0x0F, 0x40, 0x00, 0x00,
  0x0F, 0x40, 0x00, 0x00,
  0x0F, 0xFF, 0xFF, 0xC0,
  0x0F, 0xFF, 0xFF, 0xC0,
  0x00, 0x00, 0x00, 0x00,
  0x00, 0x00, 0x00, 0x00,
  0x00, 0x00, 0x00, 0x00,
  0x00, 0x00, 0x00, 0x00,
  0x00, 0x00, 0x00, 0x00
};

GUI_CONST_STORAGE unsigned char acGUI_FontLiberationSans28_004D[168] = { /* code 004D, LATIN CAPITAL LETTER M */
  0x00, 0x00, 0x00, 0x00, 0x00, 0x00,
  0x00, 0x00, 0x00, 0x00, 0x00, 0x00,
  0x00, 0x00, 0x00, 0x00, 0x00, 0x00,
  0x00, 0x00, 0x00, 0x00, 0x00, 0x00,
  0x00, 0x00, 0x00, 0x00, 0x00, 0x00,
  0x00, 0x00, 0x00, 0x00, 0x00, 0x00,
  0x0F, 0xD0, 0x00, 0x01, 0xF8, 0x00,
  0x0F, 0xE0, 0x00, 0x02, 0xF8, 0x00,
  0x0F, 0xF0, 0x00, 0x03, 0xF8, 0x00,
  0x0F, 0xB4, 0x00, 0x07, 0xB8, 0x00,
  0x0F, 0x78, 0x00, 0x0B, 0x78, 0x00,
  0x0F, 0x2D, 0x00, 0x0E, 0x38, 0x00,
  0x0F, 0x1E, 0x00, 0x2D, 0x38, 0x00,
  0x0F, 0x0F, 0x00, 0x3C, 0x38, 0x00,
  0x0F, 0x0B, 0x40, 0x78, 0x38, 0x00,
  0x0F, 0x07, 0x80, 0xB4, 0x38, 0x00,
  0x0F, 0x02, 0xD0, 0xE0, 0x38, 0x00,
  0x0F, 0x01, 0xE1, 0xD0, 0x38, 0x00,
  0x0F, 0x00, 0xF2, 0xC0, 0x38, 0x00,
  0x0F, 0x00, 0xB7, 0x80, 0x38, 0x00,
  0x0F, 0x00, 0x7F, 0x40, 0x38, 0x00,
  0x0F, 0x00, 0x2F, 0x00, 0x38, 0x00,
  0x0F, 0x00, 0x1D, 0x00, 0x38, 0x00,
  0x00, 0x00, 0x00, 0x00, 0x00, 0x00,
  0x00, 0x00, 0x00, 0x00, 0x00, 0x00,
  0x00, 0x00, 0x00, 0x00, 0x00, 0x00,
  0x00, 0x00, 0x00, 0x00, 0x00, 0x00,
  0x00, 0x00, 0x00, 0x00, 0x00, 0x00
};

GUI_CONST_STORAGE unsigned char acGUI_FontLiberationSans28_004E[140] = { /* code 004E, LATIN CAPITAL LETTER N */
  0x00, 0x00, 0x00, 0x00, 0x00,
  0x00, 0x00, 0x00, 0x00, 0x00,
  0x00, 0x00, 0x00, 0x00, 0x00,
  0x00, 0x00, 0x00, 0x00, 0x00,
  0x00, 0x00, 0x00, 0x00, 0x00,
  0x00, 0x00, 0x00, 0x00, 0x00,
  0x0F, 0xC0, 0x00, 0x0F, 0x00,
  0x0F, 0xE0, 0x00, 0x0F, 0x00,
  0x0F, 0xF4, 0x00, 0x0F, 0x00,
  0x0F, 0x7C, 0x00, 0x0F, 0x00,
  0x0F, 0x2E, 0x00, 0x0F, 0x00,
  0x0F, 0x0F, 0x40, 0x0F, 0x00,
  0x0F, 0x07, 0x80, 0x0F, 0x00,
  0x0F, 0x02, 0xD0, 0x0F, 0x00,
  0x0F, 0x00, 0xF0, 0x0F, 0x00,
  0x0F, 0x00, 0xB8, 0x0F, 0x00,
  0x0F, 0x00, 0x3D, 0x0F, 0x00,
  0x0F, 0x00, 0x1F, 0x0F, 0x00,
  0x0F, 0x00, 0x0B, 0x8F, 0x00,
  0x0F, 0x00, 0x03, 0xDF, 0x00,
  0x0F, 0x00, 0x01, 0xFF, 0x00,
  0x0F, 0x00, 0x00, 0xBF, 0x00,
  0x0F, 0x00, 0x00, 0x3F, 0x00,
  0x00, 0x00, 0x00, 0x00, 0x00,
  0x00, 0x00, 0x00, 0x00, 0x00,
  0x00, 0x00, 0x00, 0x00, 0x00,
  0x00, 0x00, 0x00, 0x00, 0x00,
  0x00, 0x00, 0x00, 0x00, 0x00
};

GUI_CONST_STORAGE unsigned char acGUI_FontLiberationSans28_004F[140] = { /* code 004F, LATIN CAPITAL LETTER O */
  0x00, 0x00, 0x00, 0x00, 0x00,
  0x00, 0x00, 0x00, 0x00, 0x00,
  0x00, 0x00, 0x00, 0x00, 0x00,
  0x00, 0x00, 0x00, 0x00, 0x00,
  0x00, 0x00, 0x00, 0x00, 0x00,
  0x00, 0x00, 0x00, 0x00, 0x00,
  0x00, 0x0B, 0xFF, 0x80, 0x00,
  0x00, 0xBF, 0xFF, 0xF8, 0x00,
  0x02, 0xF8, 0x00, 0xBE, 0x00,
  0x0B, 0xC0, 0x00, 0x1F, 0x80,
  0x0F, 0x40, 0x00, 0x07, 0xC0,
  0x1F, 0x00, 0x00, 0x03, 0xD0,
  0x2E, 0x00, 0x00, 0x02, 0xE0,
  0x2D, 0x00, 0x00, 0x02, 0xE0,
  0x2D, 0x00, 0x00, 0x01, 0xE0,
  0x2D, 0x00, 0x00, 0x02, 0xE0,
  0x2E, 0x00, 0x00, 0x02, 0xE0,
  0x1F, 0x00, 0x00, 0x03, 0xD0,
  0x0F, 0x40, 0x00, 0x07, 0xC0,
  0x07, 0xD0, 0x00, 0x0F, 0x40,
  0x02, 0xF8, 0x00, 0x7E, 0x00,
  0x00, 0xBF, 0xFF, 0xF8, 0x00,
  0x00, 0x0B, 0xFF, 0x40, 0x00,
  0x00, 0x00, 0x00, 0x00, 0x00,
  0x00, 0x00, 0x00, 0x00, 0x00,
  0x00, 0x00, 0x00, 0x00, 0x00,
  0x00, 0x00, 0x00, 0x00, 0x00,
  0x00, 0x00, 0x00, 0x00, 0x00
};

GUI_CONST_STORAGE unsigned char acGUI_FontLiberationSans28_0050[140] = { /* code 0050, LATIN CAPITAL LETTER P */
  0x00, 0x00, 0x00, 0x00, 0x00,
  0x00, 0x00, 0x00, 0x00, 0x00,
  0x00, 0x00, 0x00, 0x00, 0x00,
  0x00, 0x00, 0x00, 0x00, 0x00,
  0x00, 0x00, 0x00, 0x00, 0x00,
  0x00, 0x00, 0x00, 0x00, 0x00,
  0x0F, 0xFF, 0xFF, 0x40, 0x00,
  0x0F, 0xFF, 0xFF, 0xF0, 0x00,
  0x0F, 0x40, 0x00, 0xFC, 0x00,
  0x0F, 0x40, 0x00, 0x3D, 0x00,
  0x0F, 0x40, 0x00, 0x2E, 0x00,
  0x0F, 0x40, 0x00, 0x2E, 0x00,
  0x0F, 0x40, 0x00, 0x2D, 0x00,
  0x0F, 0x40, 0x00, 0x3D, 0x00,
  0x0F, 0x40, 0x01, 0xF8, 0x00,
  0x0F, 0xFF, 0xFF, 0xE0, 0x00,
  0x0F, 0xFF, 0xFE, 0x00, 0x00,
  0x0F, 0x40, 0x00, 0x00, 0x00,
  0x0F, 0x40, 0x00, 0x00, 0x00,
  0x0F, 0x40, 0x00, 0x00, 0x00,
  0x0F, 0x40, 0x00, 0x00, 0x00,
  0x0F, 0x40, 0x00, 0x00, 0x00,
  0x0F, 0x40, 0x00, 0x00, 0x00,
  0x00, 0x00, 0x00, 0x00, 0x00,
  0x00, 0x00, 0x00, 0x00, 0x00,
  0x00, 0x00, 0x00, 0x00, 0x00,
  0x00, 0x00, 0x00, 0x00, 0x00,
  0x00, 0x00, 0x00, 0x00, 0x00
};

GUI_CONST_STORAGE unsigned char acGUI_FontLiberationSans28_0051[140] = { /* code 0051, LATIN CAPITAL LETTER Q */
  0x00, 0x00, 0x00, 0x00, 0x00,
  0x00, 0x00, 0x00, 0x00, 0x00,
  0x00, 0x00, 0x00, 0x00, 0x00,
  0x00, 0x00, 0x00, 0x00, 0x00,
  0x00, 0x00, 0x00, 0x00, 0x00,
  0x00, 0x00, 0x00, 0x00, 0x00,
  0x00, 0x0B, 0xFF, 0x80, 0x00,
  0x00, 0xBF, 0xFF, 0xF8, 0x00,
  0x02, 0xF8, 0x00, 0xBE, 0x00,
  0x0B, 0xC0, 0x00, 0x1F, 0x40,
  0x0F, 0x40, 0x00, 0x07, 0xC0,
  0x1F, 0x00, 0x00, 0x03, 0xD0,
  0x2E, 0x00, 0x00, 0x02, 0xE0,
  0x2D, 0x00, 0x00, 0x02, 0xE0,
  0x2D, 0x00, 0x00, 0x01, 0xE0,
  0x2D, 0x00, 0x00, 0x02, 0xE0,
  0x2E, 0x00, 0x00, 0x02, 0xE0,
  0x1F, 0x00, 0x00, 0x03, 0xD0,
  0x0F, 0x40, 0x00, 0x07, 0xC0,
  0x0B, 0xD0, 0x00, 0x0F, 0x40,
  0x02, 0xF4, 0x00, 0x7E, 0x00,
  0x00, 0xBF, 0xFF, 0xF8, 0x00,
  0x00, 0x0B, 0xFF, 0x80, 0x00,
  0x00, 0x00, 0x3D, 0x00, 0x00,
  0x00, 0x00, 0x2E, 0x00, 0x00,
  0x00, 0x00, 0x1F, 0x40, 0x00,
  0x00, 0x00, 0x0B, 0xFE, 0x00,
  0x00, 0x00, 0x01, 0xFE, 0x00
};

GUI_CONST_STORAGE unsigned char acGUI_FontLiberationSans28_0052[140] = { /* code 0052, LATIN CAPITAL LETTER R */
  0x00, 0x00, 0x00, 0x00, 0x00,
  0x00, 0x00, 0x00, 0x00, 0x00,
  0x00, 0x00, 0x00, 0x00, 0x00,
  0x00, 0x00, 0x00, 0x00, 0x00,
  0x00, 0x00, 0x00, 0x00, 0x00,
  0x00, 0x00, 0x00, 0x00, 0x00,
  0x0F, 0xFF, 0xFF, 0x90, 0x00,
  0x0F, 0xFF, 0xFF, 0xF8, 0x00,
  0x0F, 0x40, 0x00, 0x7E, 0x00,
  0x0F, 0x40, 0x00, 0x1F, 0x00,
  0x0F, 0x40, 0x00, 0x0F, 0x00,
  0x0F, 0x40, 0x00, 0x0F, 0x00,
  0x0F, 0x40, 0x00, 0x1F, 0x00,
  0x0F, 0x40, 0x00, 0xBD, 0x00,
  0x0F, 0xFF, 0xFF, 0xF4, 0x00,
  0x0F, 0xFF, 0xFF, 0x40, 0x00,
  0x0F, 0x40, 0x0B, 0x80, 0x00,
  0x0F, 0x40, 0x03, 0xD0, 0x00,
  0x0F, 0x40, 0x02, 0xF0, 0x00,
  0x0F, 0x40, 0x00, 0xF4, 0x00,
  0x0F, 0x40, 0x00, 0x7C, 0x00,
  0x0F, 0x40, 0x00, 0x2E, 0x00,
  0x0F, 0x40, 0x00, 0x0F, 0x40,
  0x00, 0x00, 0x00, 0x00, 0x00,
  0x00, 0x00, 0x00, 0x00, 0x00,
  0x00, 0x00, 0x00, 0x00, 0x00,
  0x00, 0x00, 0x00, 0x00, 0x00,
  0x00, 0x00, 0x00, 0x00, 0x00
};

GUI_CONST_STORAGE unsigned char acGUI_FontLiberationSans28_0053[140] = { /* code 0053, LATIN CAPITAL LETTER S */
  0x00, 0x00, 0x00, 0x00, 0x00,
  0x00, 0x00, 0x00, 0x00, 0x00,
  0x00, 0x00, 0x00, 0x00, 0x00,
  0x00, 0x00, 0x00, 0x00, 0x00,
  0x00, 0x00, 0x00, 0x00, 0x00,
  0x00, 0x00, 0x00, 0x00, 0x00,
  0x00, 0x2F, 0xFE, 0x40, 0x00,
  0x02, 0xFF, 0xFF, 0xF0, 0x00,
  0x07, 0xD0, 0x01, 0xF8, 0x00,
  0x0F, 0x40, 0x00, 0x3D, 0x00,
  0x0F, 0x40, 0x00, 0x00, 0x00,
  0x0B, 0x80, 0x00, 0x00, 0x00,
  0x07, 0xF4, 0x00, 0x00, 0x00,
  0x01, 0xFF, 0xE4, 0x00, 0x00,
  0x00, 0x1F, 0xFF, 0xD0, 0x00,
  0x00, 0x00, 0x1B, 0xF8, 0x00,
  0x00, 0x00, 0x00, 0x7D, 0x00,
  0x00, 0x00, 0x00, 0x2E, 0x00,
  0x19, 0x00, 0x00, 0x1E, 0x00,
  0x1F, 0x00, 0x00, 0x2E, 0x00,
  0x0F, 0xD0, 0x00, 0xBC, 0x00,
  0x03, 0xFF, 0xFF, 0xF4, 0x00,
  0x00, 0x6F, 0xFE, 0x40, 0x00,
  0x00, 0x00, 0x00, 0x00, 0x00,
  0x00, 0x00, 0x00, 0x00, 0x00,
  0x00, 0x00, 0x00, 0x00, 0x00,
  0x00, 0x00, 0x00, 0x00, 0x00,
  0x00, 0x00, 0x00, 0x00, 0x00
};

GUI_CONST_STORAGE unsigned char acGUI_FontLiberationSans28_0054[112] = { /* code 0054, LATIN CAPITAL LETTER T */
  0x00, 0x00, 0x00, 0x00,
  0x00, 0x00, 0x00, 0x00,
  0x00, 0x00, 0x00, 0x00,
  0x00, 0x00, 0x00, 0x00,
  0x00, 0x00, 0x00, 0x00,
  0x00, 0x00, 0x00, 0x00,
  0x7F, 0xFF, 0xFF, 0xD0,
  0x7F, 0xFF, 0xFF, 0xD0,
  0x00, 0x0F, 0x40, 0x00,
  0x00, 0x0F, 0x40, 0x00,
  0x00, 0x0F, 0x40, 0x00,
  0x00, 0x0F, 0x40, 0x00,
  0x00, 0x0F, 0x40, 0x00,
  0x00, 0x0F, 0x40, 0x00,
  0x00, 0x0F, 0x40, 0x00,
  0x00, 0x0F, 0x40, 0x00,
  0x00, 0x0F, 0x40, 0x00,
  0x00, 0x0F, 0x40, 0x00,
  0x00, 0x0F, 0x40, 0x00,
  0x00, 0x0F, 0x40, 0x00,
  0x00, 0x0F, 0x40, 0x00,
  0x00, 0x0F, 0x40, 0x00,
  0x00, 0x0F, 0x40, 0x00,
  0x00, 0x00, 0x00, 0x00,
  0x00, 0x00, 0x00, 0x00,
  0x00, 0x00, 0x00, 0x00,
  0x00, 0x00, 0x00, 0x00,
  0x00, 0x00, 0x00, 0x00
};

GUI_CONST_STORAGE unsigned char acGUI_FontLiberationSans28_0055[140] = { /* code 0055, LATIN CAPITAL LETTER U */
  0x00, 0x00, 0x00, 0x00, 0x00,
  0x00, 0x00, 0x00, 0x00, 0x00,
  0x00, 0x00, 0x00, 0x00, 0x00,
  0x00, 0x00, 0x00, 0x00, 0x00,
  0x00, 0x00, 0x00, 0x00, 0x00,
  0x00, 0x00, 0x00, 0x00, 0x00,
  0x0F, 0x40, 0x00, 0x0F, 0x00,
  0x0F, 0x40, 0x00, 0x0F, 0x00,
  0x0F, 0x40, 0x00, 0x0F, 0x00,
  0x0F, 0x40, 0x00, 0x0F, 0x00,
  0x0F, 0x40, 0x00, 0x0F, 0x00,
  0x0F, 0x40, 0x00, 0x0F, 0x00,
  0x0F, 0x40, 0x00, 0x0F, 0x00,
  0x0F, 0x40, 0x00, 0x0F, 0x00,
  0x0F, 0x40, 0x00, 0x0F, 0x00,
  0x0F, 0x40, 0x00, 0x0F, 0x00,
  0x0F, 0x40, 0x00, 0x0F, 0x00,
  0x0F, 0x40, 0x00, 0x1F, 0x00,
  0x0B, 0x40, 0x00, 0x1E, 0x00,
  0x07, 0xC0, 0x00, 0x3D, 0x00,
  0x03, 0xF4, 0x01, 0xF8, 0x00,
  0x00, 0xFF, 0xFF, 0xE0, 0x00,
  0x00, 0x1B, 0xFE, 0x00, 0x00,
  0x00, 0x00, 0x00, 0x00, 0x00,
  0x00, 0x00, 0x00, 0x00, 0x00,
  0x00, 0x00, 0x00, 0x00, 0x00,
  0x00, 0x00, 0x00, 0x00, 0x00,
  0x00, 0x00, 0x00, 0x00, 0x00
};

GUI_CONST_STORAGE unsigned char acGUI_FontLiberationSans28_0056[140] = { /* code 0056, LATIN CAPITAL LETTER V */
  0x00, 0x00, 0x00, 0x00, 0x00,
  0x00, 0x00, 0x00, 0x00, 0x00,
  0x00, 0x00, 0x00, 0x00, 0x00,
  0x00, 0x00, 0x00, 0x00, 0x00,
  0x00, 0x00, 0x00, 0x00, 0x00,
  0x00, 0x00, 0x00, 0x00, 0x00,
  0xB8, 0x00, 0x00, 0x0B, 0x80,
  0x7C, 0x00, 0x00, 0x0F, 0x40,
  0x2E, 0x00, 0x00, 0x1E, 0x00,
  0x1F, 0x00, 0x00, 0x3D, 0x00,
  0x0F, 0x40, 0x00, 0x7C, 0x00,
  0x07, 0x80, 0x00, 0xB4, 0x00,
  0x03, 0xC0, 0x00, 0xF0, 0x00,
  0x02, 0xE0, 0x02, 0xE0, 0x00,
  0x01, 0xF0, 0x03, 0xD0, 0x00,
  0x00, 0xB4, 0x07, 0x80, 0x00,
  0x00, 0x78, 0x0B, 0x40, 0x00,
  0x00, 0x3D, 0x1F, 0x00, 0x00,
  0x00, 0x2E, 0x2E, 0x00, 0x00,
  0x00, 0x0F, 0x3C, 0x00, 0x00,
  0x00, 0x0B, 0xB8, 0x00, 0x00,
  0x00, 0x07, 0xF4, 0x00, 0x00,
  0x00, 0x02, 0xF0, 0x00, 0x00,
  0x00, 0x00, 0x00, 0x00, 0x00,
  0x00, 0x00, 0x00, 0x00, 0x00,
  0x00, 0x00, 0x00, 0x00, 0x00,
  0x00, 0x00, 0x00, 0x00, 0x00,
  0x00, 0x00, 0x00, 0x00, 0x00
};

GUI_CONST_STORAGE unsigned char acGUI_FontLiberationSans28_0057[196] = { /* code 0057, LATIN CAPITAL LETTER W */
  0x00, 0x00, 0x00, 0x00, 0x00, 0x00, 0x00,
  0x00, 0x00, 0x00, 0x00, 0x00, 0x00, 0x00,
  0x00, 0x00, 0x00, 0x00, 0x00, 0x00, 0x00,
  0x00, 0x00, 0x00, 0x00, 0x00, 0x00, 0x00,
  0x00, 0x00, 0x00, 0x00, 0x00, 0x00, 0x00,
  0x00, 0x00, 0x00, 0x00, 0x00, 0x00, 0x00,
  0xB8, 0x00, 0x00, 0xF4, 0x00, 0x02, 0xE0,
  0x7C, 0x00, 0x01, 0xF8, 0x00, 0x03, 0xD0,
  0x3D, 0x00, 0x02, 0xFC, 0x00, 0x07, 0xC0,
  0x2E, 0x00, 0x03, 0xAD, 0x00, 0x0B, 0x80,
  0x1F, 0x00, 0x07, 0x5E, 0x00, 0x0F, 0x40,
  0x0F, 0x40, 0x0B, 0x4E, 0x00, 0x1F, 0x00,
  0x0B, 0x80, 0x0F, 0x0B, 0x00, 0x2E, 0x00,
  0x07, 0xC0, 0x1E, 0x0B, 0x40, 0x3D, 0x00,
  0x03, 0xD0, 0x2D, 0x07, 0x80, 0x7C, 0x00,
  0x02, 0xE0, 0x3C, 0x03, 0xC0, 0xB8, 0x00,
  0x01, 0xF0, 0x78, 0x02, 0xD0, 0xF4, 0x00,
  0x00, 0xF4, 0xB4, 0x01, 0xE1, 0xF0, 0x00,
  0x00, 0xB8, 0xF0, 0x00, 0xF1, 0xE0, 0x00,
  0x00, 0x7D, 0xE0, 0x00, 0xB6, 0xD0, 0x00,
  0x00, 0x3F, 0xD0, 0x00, 0x7F, 0xC0, 0x00,
  0x00, 0x2F, 0xC0, 0x00, 0x3F, 0x80, 0x00,
  0x00, 0x1F, 0x80, 0x00, 0x2F, 0x40, 0x00,
  0x00, 0x00, 0x00, 0x00, 0x00, 0x00, 0x00,
  0x00, 0x00, 0x00, 0x00, 0x00, 0x00, 0x00,
  0x00, 0x00, 0x00, 0x00, 0x00, 0x00, 0x00,
  0x00, 0x00, 0x00, 0x00, 0x00, 0x00, 0x00,
  0x00, 0x00, 0x00, 0x00, 0x00, 0x00, 0x00
};

GUI_CONST_STORAGE unsigned char acGUI_FontLiberationSans28_0058[140] = { /* code 0058, LATIN CAPITAL LETTER X */
  0x00, 0x00, 0x00, 0x00, 0x00,
  0x00, 0x00, 0x00, 0x00, 0x00,
  0x00, 0x00, 0x00, 0x00, 0x00,
  0x00, 0x00, 0x00, 0x00, 0x00,
  0x00, 0x00, 0x00, 0x00, 0x00,
  0x00, 0x00, 0x00, 0x00, 0x00,
  0x1F, 0x00, 0x00, 0x3D, 0x00,
  0x0B, 0x80, 0x00, 0xB8, 0x00,
  0x03, 0xD0, 0x01, 0xF0, 0x00,
  0x01, 0xF0, 0x03, 0xD0, 0x00,
  0x00, 0x7C, 0x0B, 0x80, 0x00,
  0x00, 0x2E, 0x1E, 0x00, 0x00,
  0x00, 0x0F, 0xBC, 0x00, 0x00,
  0x00, 0x07, 0xF4, 0x00, 0x00,
  0x00, 0x03, 0xF4, 0x00, 0x00,
  0x00, 0x0B, 0xFC, 0x00, 0x00,
  0x00, 0x1E, 0x2E, 0x00, 0x00,
  0x00, 0x7C, 0x0F, 0x40, 0x00,
  0x00, 0xF4, 0x07, 0xC0, 0x00,
  0x02, 0xE0, 0x02, 0xE0, 0x00,
  0x07, 0xC0, 0x00, 0xB8, 0x00,
  0x1F, 0x00, 0x00, 0x3D, 0x00,
  0x3D, 0x00, 0x00, 0x1F, 0x00,
  0x00, 0x00, 0x00, 0x00, 0x00,
  0x00, 0x00, 0x00, 0x00, 0x00,
  0x00, 0x00, 0x00, 0x00, 0x00,
  0x00, 0x00, 0x00, 0x00, 0x00,
  0x00, 0x00, 0x00, 0x00, 0x00
};

GUI_CONST_STORAGE unsigned char acGUI_FontLiberationSans28_0059[112] = { /* code 0059, LATIN CAPITAL LETTER Y */
  0x00, 0x00, 0x00, 0x00,
  0x00, 0x00, 0x00, 0x00,
  0x00, 0x00, 0x00, 0x00,
  0x00, 0x00, 0x00, 0x00,
  0x00, 0x00, 0x00, 0x00,
  0x00, 0x00, 0x00, 0x00,
  0x3D, 0x00, 0x00, 0x7C,
  0x1F, 0x00, 0x00, 0xF4,
  0x0B, 0x80, 0x01, 0xF0,
  0x03, 0xD0, 0x03, 0xD0,
  0x02, 0xE0, 0x0B, 0x80,
  0x00, 0xF4, 0x1F, 0x00,
  0x00, 0x7C, 0x3D, 0x00,
  0x00, 0x2E, 0x78, 0x00,
  0x00, 0x0F, 0xF0, 0x00,
  0x00, 0x07, 0xD0, 0x00,
  0x00, 0x03, 0xC0, 0x00,
  0x00, 0x03, 0xC0, 0x00,
  0x00, 0x03, 0xC0, 0x00,
  0x00, 0x03, 0xC0, 0x00,
  0x00, 0x03, 0xC0, 0x00,
  0x00, 0x03, 0xC0, 0x00,
  0x00, 0x03, 0xC0, 0x00,
  0x00, 0x00, 0x00, 0x00,
  0x00, 0x00, 0x00, 0x00,
  0x00, 0x00, 0x00, 0x00,
  0x00, 0x00, 0x00, 0x00,
  0x00, 0x00, 0x00, 0x00
};

GUI_CONST_STORAGE unsigned char acGUI_FontLiberationSans28_005A[112] = { /* code 005A, LATIN CAPITAL LETTER Z */
  0x00, 0x00, 0x00, 0x00,
  0x00, 0x00, 0x00, 0x00,
  0x00, 0x00, 0x00, 0x00,
  0x00, 0x00, 0x00, 0x00,
  0x00, 0x00, 0x00, 0x00,
  0x00, 0x00, 0x00, 0x00,
  0x1F, 0xFF, 0xFF, 0xE0,
  0x1F, 0xFF, 0xFF, 0xE0,
  0x00, 0x00, 0x07, 0xC0,
  0x00, 0x00, 0x0F, 0x40,
  0x00, 0x00, 0x3D, 0x00,
  0x00, 0x00, 0xB8, 0x00,
  0x00, 0x01, 0xF0, 0x00,
  0x00, 0x07, 0xC0, 0x00,
  0x00, 0x0F, 0x40, 0x00,
  0x00, 0x2E, 0x00, 0x00,
  0x00, 0x7C, 0x00, 0x00,
  0x01, 0xF0, 0x00, 0x00,
  0x03, 0xD0, 0x00, 0x00,
  0x0B, 0x80, 0x00, 0x00,
  0x2E, 0x00, 0x00, 0x00,
  0x3F, 0xFF, 0xFF, 0xF0,
  0x3F, 0xFF, 0xFF, 0xF0,
  0x00, 0x00, 0x00, 0x00,
  0x00, 0x00, 0x00, 0x00,
  0x00, 0x00, 0x00, 0x00,
  0x00, 0x00, 0x00, 0x00,
  0x00, 0x00, 0x00, 0x00
};

GUI_CONST_STORAGE unsigned char acGUI_FontLiberationSans28_005B[ 56] = { /* code 005B, LEFT SQUARE BRACKET */
  0x00, 0x00,
  0x00, 0x00,
  0x00, 0x00,
  0x00, 0x00,
  0x00, 0x00,
  0x0F, 0xF8,
  0x0F, 0xA4,
  0x0E, 0x00,
  0x0E, 0x00,
  0x0E, 0x00,
  0x0E, 0x00,
  0x0E, 0x00,
  0x0E, 0x00,
  0x0E, 0x00,
  0x0E, 0x00,
  0x0E, 0x00,
  0x0E, 0x00,
  0x0E, 0x00,
  0x0E, 0x00,
  0x0E, 0x00,
  0x0E, 0x00,
  0x0E, 0x00,
  0x0E, 0x00,
  0x0E, 0x00,
  0x0E, 0x00,
  0x0E, 0x00,
  0x0F, 0xA4,
  0x0F, 0xF8
};

GUI_CONST_STORAGE unsigned char acGUI_FontLiberationSans28_005C[ 56] = { /* code 005C, REVERSE SOLIDUS */
  0x00, 0x00,
  0x00, 0x00,
  0x00, 0x00,
  0x00, 0x00,
  0x00, 0x00,
  0xB0, 0x00,
  0xB4, 0x00,
  0x78, 0x00,
  0x3C, 0x00,
  0x2C, 0x00,
  0x1D, 0x00,
  0x0E, 0x00,
  0x0F, 0x00,
  0x0B, 0x40,
  0x07, 0x80,
  0x03, 0x80,
  0x02, 0xC0,
  0x01, 0xD0,
  0x01, 0xE0,
  0x00, 0xF0,
  0x00, 0xB4,
  0x00, 0x74,
  0x00, 0x38,
  0x00, 0x00,
  0x00, 0x00,
  0x00, 0x00,
  0x00, 0x00,
  0x00, 0x00
};

GUI_CONST_STORAGE unsigned char acGUI_FontLiberationSans28_005D[ 56] = { /* code 005D, RIGHT SQUARE BRACKET */
  0x00, 0x00,
  0x00, 0x00,
  0x00, 0x00,
  0x00, 0x00,
  0x00, 0x00,
  0xBF, 0xC0,
  0x6B, 0xC0,
  0x03, 0xC0,
  0x03, 0xC0,
  0x03, 0xC0,
  0x03, 0xC0,
  0x03, 0xC0,
  0x03, 0xC0,
  0x03, 0xC0,
  0x03, 0xC0,
  0x03, 0xC0,
  0x03, 0xC0,
  0x03, 0xC0,
  0x03, 0xC0,
  0x03, 0xC0,
  0x03, 0xC0,
  0x03, 0xC0,
  0x03, 0xC0,
  0x03, 0xC0,
  0x03, 0xC0,
  0x03, 0xC0,
  0x6B, 0xC0,
  0xBF, 0xC0
};

GUI_CONST_STORAGE unsigned char acGUI_FontLiberationSans28_005E[ 84] = { /* code 005E, CIRCUMFLEX ACCENT */
  0x00, 0x00, 0x00,
  0x00, 0x00, 0x00,
  0x00, 0x00, 0x00,
  0x00, 0x00, 0x00,
  0x00, 0x00, 0x00,
  0x00, 0x00, 0x00,
  0x00, 0x7D, 0x00,
  0x00, 0xFF, 0x00,
  0x01, 0xD7, 0x40,
  0x03, 0x82, 0xC0,
  0x07, 0x41, 0xD0,
  0x0E, 0x00, 0xB0,
  0x2D, 0x00, 0x78,
  0x38, 0x00, 0x2C,
  0xB4, 0x00, 0x1E,
  0x00, 0x00, 0x00,
  0x00, 0x00, 0x00,
  0x00, 0x00, 0x00,
  0x00, 0x00, 0x00,
  0x00, 0x00, 0x00,
  0x00, 0x00, 0x00,
  0x00, 0x00, 0x00,
  0x00, 0x00, 0x00,
  0x00, 0x00, 0x00,
  0x00, 0x00, 0x00,
  0x00, 0x00, 0x00,
  0x00, 0x00, 0x00,
  0x00, 0x00, 0x00
};

GUI_CONST_STORAGE unsigned char acGUI_FontLiberationSans28_005F[112] = { /* code 005F, LOW LINE */
  0x00, 0x00, 0x00, 0x00,
  0x00, 0x00, 0x00, 0x00,
  0x00, 0x00, 0x00, 0x00,
  0x00, 0x00, 0x00, 0x00,
  0x00, 0x00, 0x00, 0x00,
  0x00, 0x00, 0x00, 0x00,
  0x00, 0x00, 0x00, 0x00,
  0x00, 0x00, 0x00, 0x00,
  0x00, 0x00, 0x00, 0x00,
  0x00, 0x00, 0x00, 0x00,
  0x00, 0x00, 0x00, 0x00,
  0x00, 0x00, 0x00, 0x00,
  0x00, 0x00, 0x00, 0x00,
  0x00, 0x00, 0x00, 0x00,
  0x00, 0x00, 0x00, 0x00,
  0x00, 0x00, 0x00, 0x00,
  0x00, 0x00, 0x00, 0x00,
  0x00, 0x00, 0x00, 0x00,
  0x00, 0x00, 0x00, 0x00,
  0x00, 0x00, 0x00, 0x00,
  0x00, 0x00, 0x00, 0x00,
  0x00, 0x00, 0x00, 0x00,
  0x00, 0x00, 0x00, 0x00,
  0x00, 0x00, 0x00, 0x00,
  0x00, 0x00, 0x00, 0x00,
  0x00, 0x00, 0x00, 0x00,
  0xFF, 0xFF, 0xFF, 0xF0,
  0xAA, 0xAA, 0xAA, 0xA0
};

GUI_CONST_STORAGE unsigned char acGUI_FontLiberationSans28_0060[ 56] = { /* code 0060, GRAVE ACCENT */
  0x00, 0x00,
  0x00, 0x00,
  0x00, 0x00,
  0x00, 0x00,
  0x2F, 0x00,
  0x07, 0x80,
  0x01, 0xD0,
  0x00, 0x30,
  0x00, 0x00,
  0x00, 0x00,
  0x00, 0x00,
  0x00, 0x00,
  0x00, 0x00,
  0x00, 0x00,
  0x00, 0x00,
  0x00, 0x00,
  0x00, 0x00,
  0x00, 0x00,
  0x00, 0x00,
  0x00, 0x00,
  0x00, 0x00,
  0x00, 0x00,
  0x00, 0x00,
  0x00, 0x00,
  0x00, 0x00,
  0x00, 0x00,
  0x00, 0x00,
  0x00, 0x00
};

GUI_CONST_STORAGE unsigned char acGUI_FontLiberationSans28_0061[112] = { /* code 0061, LATIN SMALL LETTER A */
  0x00, 0x00, 0x00, 0x00,
  0x00, 0x00, 0x00, 0x00,
  0x00, 0x00, 0x00, 0x00,
  0x00, 0x00, 0x00, 0x00,
  0x00, 0x00, 0x00, 0x00,
  0x00, 0x00, 0x00, 0x00,
  0x00, 0x00, 0x00, 0x00,
  0x00, 0x00, 0x00, 0x00,
  0x00, 0x00, 0x00, 0x00,
  0x00, 0xBF, 0xE0, 0x00,
  0x07, 0xFA, 0xFC, 0x00,
  0x0F, 0x40, 0x2E, 0x00,
  0x0F, 0x00, 0x1F, 0x00,
  0x00, 0x00, 0x0F, 0x00,
  0x00, 0x00, 0x0F, 0x00,
  0x01, 0xBF, 0xFF, 0x00,
  0x0F, 0xFA, 0xAF, 0x00,
  0x2F, 0x00, 0x0F, 0x00,
  0x2D, 0x00, 0x1F, 0x00,
  0x3D, 0x00, 0x2F, 0x00,
  0x2E, 0x00, 0xAF, 0x00,
  0x1F, 0xEB, 0x8B, 0xD0,
  0x07, 0xFD, 0x07, 0xF0,
  0x00, 0x00, 0x00, 0x00,
  0x00, 0x00, 0x00, 0x00,
  0x00, 0x00, 0x00, 0x00,
  0x00, 0x00, 0x00, 0x00,
  0x00, 0x00, 0x00, 0x00
};

GUI_CONST_STORAGE unsigned char acGUI_FontLiberationSans28_0062[112] = { /* code 0062, LATIN SMALL LETTER B */
  0x00, 0x00, 0x00, 0x00,
  0x00, 0x00, 0x00, 0x00,
  0x00, 0x00, 0x00, 0x00,
  0x00, 0x00, 0x00, 0x00,
  0x00, 0x00, 0x00, 0x00,
  0x1E, 0x00, 0x00, 0x00,
  0x1E, 0x00, 0x00, 0x00,
  0x1E, 0x00, 0x00, 0x00,
  0x1E, 0x00, 0x00, 0x00,
  0x1E, 0x1F, 0xF4, 0x00,
  0x1E, 0x7F, 0xFE, 0x00,
  0x1F, 0xC0, 0x1F, 0x00,
  0x1F, 0x40, 0x0B, 0x40,
  0x1F, 0x00, 0x07, 0x80,
  0x1F, 0x00, 0x07, 0x80,
  0x1E, 0x00, 0x07, 0xC0,
  0x1E, 0x00, 0x07, 0xC0,
  0x1F, 0x00, 0x07, 0x80,
  0x1F, 0x00, 0x07, 0x80,
  0x1F, 0x40, 0x0B, 0x40,
  0x1F, 0xC0, 0x1F, 0x00,
  0x1E, 0xBE, 0xFD, 0x00,
  0x1E, 0x1F, 0xF4, 0x00,
  0x00, 0x00, 0x00, 0x00,
  0x00, 0x00, 0x00, 0x00,
  0x00, 0x00, 0x00, 0x00,
  0x00, 0x00, 0x00, 0x00,
  0x00, 0x00, 0x00, 0x00
};

GUI_CONST_STORAGE unsigned char acGUI_FontLiberationSans28_0063[112] = { /* code 0063, LATIN SMALL LETTER C */
  0x00, 0x00, 0x00, 0x00,
  0x00, 0x00, 0x00, 0x00,
  0x00, 0x00, 0x00, 0x00,
  0x00, 0x00, 0x00, 0x00,
  0x00, 0x00, 0x00, 0x00,
  0x00, 0x00, 0x00, 0x00,
  0x00, 0x00, 0x00, 0x00,
  0x00, 0x00, 0x00, 0x00,
  0x00, 0x00, 0x00, 0x00,
  0x00, 0xBF, 0xD0, 0x00,
  0x03, 0xFF, 0xFC, 0x00,
  0x0B, 0x40, 0x2E, 0x00,
  0x1E, 0x00, 0x0F, 0x00,
  0x2E, 0x00, 0x00, 0x00,
  0x2D, 0x00, 0x00, 0x00,
  0x2D, 0x00, 0x00, 0x00,
  0x2D, 0x00, 0x00, 0x00,
  0x2D, 0x00, 0x00, 0x00,
  0x2E, 0x00, 0x00, 0x00,
  0x1F, 0x00, 0x0F, 0x00,
  0x0B, 0x80, 0x2E, 0x00,
  0x03, 0xFF, 0xFC, 0x00,
  0x00, 0xBF, 0xE0, 0x00,
  0x00, 0x00, 0x00, 0x00,
  0x00, 0x00, 0x00, 0x00,
  0x00, 0x00, 0x00, 0x00,
  0x00, 0x00, 0x00, 0x00,
  0x00, 0x00, 0x00, 0x00
};

GUI_CONST_STORAGE unsigned char acGUI_FontLiberationSans28_0064[112] = { /* code 0064, LATIN SMALL LETTER D */
  0x00, 0x00, 0x00, 0x00,
  0x00, 0x00, 0x00, 0x00,
  0x00, 0x00, 0x00, 0x00,
  0x00, 0x00, 0x00, 0x00,
  0x00, 0x00, 0x00, 0x00,
  0x00, 0x00, 0x0B, 0x40,
  0x00, 0x00, 0x0B, 0x40,
  0x00, 0x00, 0x0B, 0x40,
  0x00, 0x00, 0x0B, 0x40,
  0x01, 0xFF, 0x4B, 0x40,
  0x07, 0xFB, 0xDB, 0x40,
  0x0F, 0x40, 0x3F, 0x40,
  0x1E, 0x00, 0x1F, 0x40,
  0x2D, 0x00, 0x0F, 0x40,
  0x2D, 0x00, 0x0F, 0x40,
  0x3D, 0x00, 0x0B, 0x40,
  0x3D, 0x00, 0x0B, 0x40,
  0x2D, 0x00, 0x0F, 0x40,
  0x2D, 0x00, 0x0F, 0x40,
  0x1E, 0x00, 0x1F, 0x40,
  0x0F, 0x40, 0x3F, 0x40,
  0x0B, 0xFF, 0xDB, 0x40,
  0x01, 0xFF, 0x4B, 0x40,
  0x00, 0x00, 0x00, 0x00,
  0x00, 0x00, 0x00, 0x00,
  0x00, 0x00, 0x00, 0x00,
  0x00, 0x00, 0x00, 0x00,
  0x00, 0x00, 0x00, 0x00
};

GUI_CONST_STORAGE unsigned char acGUI_FontLiberationSans28_0065[112] = { /* code 0065, LATIN SMALL LETTER E */
  0x00, 0x00, 0x00, 0x00,
  0x00, 0x00, 0x00, 0x00,
  0x00, 0x00, 0x00, 0x00,
  0x00, 0x00, 0x00, 0x00,
  0x00, 0x00, 0x00, 0x00,
  0x00, 0x00, 0x00, 0x00,
  0x00, 0x00, 0x00, 0x00,
  0x00, 0x00, 0x00, 0x00,
  0x00, 0x00, 0x00, 0x00,
  0x00, 0xBF, 0xE0, 0x00,
  0x03, 0xFA, 0xFC, 0x00,
  0x0B, 0x80, 0x2E, 0x00,
  0x1F, 0x00, 0x0F, 0x40,
  0x2E, 0x00, 0x0B, 0x80,
  0x2D, 0x00, 0x07, 0x80,
  0x3F, 0xFF, 0xFF, 0x80,
  0x3E, 0xAA, 0xAA, 0x40,
  0x2D, 0x00, 0x00, 0x00,
  0x2D, 0x00, 0x00, 0x00,
  0x1F, 0x00, 0x07, 0x00,
  0x0B, 0x80, 0x1F, 0x00,
  0x03, 0xFA, 0xFD, 0x00,
  0x00, 0x7F, 0xE0, 0x00,
  0x00, 0x00, 0x00, 0x00,
  0x00, 0x00, 0x00, 0x00,
  0x00, 0x00, 0x00, 0x00,
  0x00, 0x00, 0x00, 0x00,
  0x00, 0x00, 0x00, 0x00
};

GUI_CONST_STORAGE unsigned char acGUI_FontLiberationSans28_0066[ 56] = { /* code 0066, LATIN SMALL LETTER F */
  0x00, 0x00,
  0x00, 0x00,
  0x00, 0x00,
  0x00, 0x00,
  0x00, 0x00,
  0x02, 0xFC,
  0x0B, 0xF8,
  0x0B, 0x40,
  0x0B, 0x40,
  0xBF, 0xFC,
  0x6F, 0xA8,
  0x0B, 0x40,
  0x0B, 0x40,
  0x0B, 0x40,
  0x0B, 0x40,
  0x0B, 0x40,
  0x0B, 0x40,
  0x0B, 0x40,
  0x0B, 0x40,
  0x0B, 0x40,
  0x0B, 0x40,
  0x0B, 0x40,
  0x0B, 0x40,
  0x00, 0x00,
  0x00, 0x00,
  0x00, 0x00,
  0x00, 0x00,
  0x00, 0x00
};

GUI_CONST_STORAGE unsigned char acGUI_FontLiberationSans28_0067[112] = { /* code 0067, LATIN SMALL LETTER G */
  0x00, 0x00, 0x00, 0x00,
  0x00, 0x00, 0x00, 0x00,
  0x00, 0x00, 0x00, 0x00,
  0x00, 0x00, 0x00, 0x00,
  0x00, 0x00, 0x00, 0x00,
  0x00, 0x00, 0x00, 0x00,
  0x00, 0x00, 0x00, 0x00,
  0x00, 0x00, 0x00, 0x00,
  0x00, 0x00, 0x00, 0x00,
  0x01, 0xFF, 0x4B, 0x40,
  0x07, 0xFB, 0xDB, 0x40,
  0x0F, 0x40, 0x7F, 0x40,
  0x1E, 0x00, 0x2F, 0x40,
  0x2D, 0x00, 0x0F, 0x40,
  0x2D, 0x00, 0x0F, 0x40,
  0x3D, 0x00, 0x0B, 0x40,
  0x3D, 0x00, 0x0B, 0x40,
  0x2D, 0x00, 0x0F, 0x40,
  0x2D, 0x00, 0x0F, 0x40,
  0x2E, 0x00, 0x1F, 0x40,
  0x1F, 0x40, 0x7F, 0x40,
  0x0B, 0xFB, 0xDB, 0x40,
  0x01, 0xFE, 0x0B, 0x40,
  0x00, 0x00, 0x0F, 0x40,
  0x05, 0x00, 0x0F, 0x00,
  0x0F, 0x40, 0x2E, 0x00,
  0x07, 0xFA, 0xFC, 0x00,
  0x00, 0xBF, 0xD0, 0x00
};

GUI_CONST_STORAGE unsigned char acGUI_FontLiberationSans28_0068[112] = { /* code 0068, LATIN SMALL LETTER H */
  0x00, 0x00, 0x00, 0x00,
  0x00, 0x00, 0x00, 0x00,
  0x00, 0x00, 0x00, 0x00,
  0x00, 0x00, 0x00, 0x00,
  0x00, 0x00, 0x00, 0x00,
  0x1F, 0x00, 0x00, 0x00,
  0x1F, 0x00, 0x00, 0x00,
  0x1F, 0x00, 0x00, 0x00,
  0x1F, 0x00, 0x00, 0x00,
  0x1F, 0x1F, 0xF4, 0x00,
  0x1E, 0x7F, 0xFE, 0x00,
  0x1F, 0xD0, 0x1F, 0x00,
  0x1F, 0x40, 0x0F, 0x40,
  0x1F, 0x00, 0x0B, 0x40,
  0x1F, 0x00, 0x0B, 0x40,
  0x1F, 0x00, 0x0B, 0x40,
  0x1F, 0x00, 0x0B, 0x40,
  0x1F, 0x00, 0x0B, 0x40,
  0x1F, 0x00, 0x0B, 0x40,
  0x1F, 0x00, 0x0B, 0x40,
  0x1F, 0x00, 0x0B, 0x40,
  0x1F, 0x00, 0x0B, 0x40,
  0x1F, 0x00, 0x0B, 0x40,
  0x00, 0x00, 0x00, 0x00,
  0x00, 0x00, 0x00, 0x00,
  0x00, 0x00, 0x00, 0x00,
  0x00, 0x00, 0x00, 0x00,
  0x00, 0x00, 0x00, 0x00
};

GUI_CONST_STORAGE unsigned char acGUI_FontLiberationSans28_0069[ 56] = { /* code 0069, LATIN SMALL LETTER I */
  0x00, 0x00,
  0x00, 0x00,
  0x00, 0x00,
  0x00, 0x00,
  0x00, 0x00,
  0x0F, 0x00,
  0x0F, 0x00,
  0x00, 0x00,
  0x00, 0x00,
  0x0F, 0x00,
  0x0F, 0x00,
  0x0F, 0x00,
  0x0F, 0x00,
  0x0F, 0x00,
  0x0F, 0x00,
  0x0F, 0x00,
  0x0F, 0x00,
  0x0F, 0x00,
  0x0F, 0x00,
  0x0F, 0x00,
  0x0F, 0x00,
  0x0F, 0x00,
  0x0F, 0x00,
  0x00, 0x00,
  0x00, 0x00,
  0x00, 0x00,
  0x00, 0x00,
  0x00, 0x00
};

GUI_CONST_STORAGE unsigned char acGUI_FontLiberationSans28_006A[ 56] = { /* code 006A, LATIN SMALL LETTER J */
  0x00, 0x00,
  0x00, 0x00,
  0x00, 0x00,
  0x00, 0x00,
  0x00, 0x00,
  0x0F, 0x00,
  0x0F, 0x00,
  0x00, 0x00,
  0x00, 0x00,
  0x0F, 0x00,
  0x0F, 0x00,
  0x0F, 0x00,
  0x0F, 0x00,
  0x0F, 0x00,
  0x0F, 0x00,
  0x0F, 0x00,
  0x0F, 0x00,
  0x0F, 0x00,
  0x0F, 0x00,
  0x0F, 0x00,
  0x0F, 0x00,
  0x0F, 0x00,
  0x0F, 0x00,
  0x0F, 0x00,
  0x0F, 0x00,
  0x1F, 0x00,
  0xFE, 0x00,
  0xF8, 0x00
};

GUI_CONST_STORAGE unsigned char acGUI_FontLiberationSans28_006B[112] = { /* code 006B, LATIN SMALL LETTER K */
  0x00, 0x00, 0x00, 0x00,
  0x00, 0x00, 0x00, 0x00,
  0x00, 0x00, 0x00, 0x00,
  0x00, 0x00, 0x00, 0x00,
  0x00, 0x00, 0x00, 0x00,
  0x1F, 0x00, 0x00, 0x00,
  0x1F, 0x00, 0x00, 0x00,
  0x1F, 0x00, 0x00, 0x00,
  0x1F, 0x00, 0x00, 0x00,
  0x1F, 0x00, 0x1F, 0x40,
  0x1F, 0x00, 0x3D, 0x00,
  0x1F, 0x00, 0xF4, 0x00,
  0x1F, 0x03, 0xD0, 0x00,
  0x1F, 0x0F, 0x40, 0x00,
  0x1F, 0x2E, 0x00, 0x00,
  0x1F, 0xFD, 0x00, 0x00,
  0x1F, 0xFF, 0x00, 0x00,
  0x1F, 0x87, 0xC0, 0x00,
  0x1F, 0x02, 0xE0, 0x00,
  0x1F, 0x00, 0xF4, 0x00,
  0x1F, 0x00, 0x7C, 0x00,
  0x1F, 0x00, 0x2F, 0x00,
  0x1F, 0x00, 0x0B, 0x80,
  0x00, 0x00, 0x00, 0x00,
  0x00, 0x00, 0x00, 0x00,
  0x00, 0x00, 0x00, 0x00,
  0x00, 0x00, 0x00, 0x00,
  0x00, 0x00, 0x00, 0x00
};

GUI_CONST_STORAGE unsigned char acGUI_FontLiberationSans28_006C[ 56] = { /* code 006C, LATIN SMALL LETTER L */
  0x00, 0x00,
  0x00, 0x00,
  0x00, 0x00,
  0x00, 0x00,
  0x00, 0x00,
  0x0F, 0x00,
  0x0F, 0x00,
  0x0F, 0x00,
  0x0F, 0x00,
  0x0F, 0x00,
  0x0F, 0x00,
  0x0F, 0x00,
  0x0F, 0x00,
  0x0F, 0x00,
  0x0F, 0x00,
  0x0F, 0x00,
  0x0F, 0x00,
  0x0F, 0x00,
  0x0F, 0x00,
  0x0F, 0x00,
  0x0F, 0x00,
  0x0F, 0x00,
  0x0F, 0x00,
  0x00, 0x00,
  0x00, 0x00,
  0x00, 0x00,
  0x00, 0x00,
  0x00, 0x00
};

GUI_CONST_STORAGE unsigned char acGUI_FontLiberationSans28_006D[168] = { /* code 006D, LATIN SMALL LETTER M */
  0x00, 0x00, 0x00, 0x00, 0x00, 0x00,
  0x00, 0x00, 0x00, 0x00, 0x00, 0x00,
  0x00, 0x00, 0x00, 0x00, 0x00, 0x00,
  0x00, 0x00, 0x00, 0x00, 0x00, 0x00,
  0x00, 0x00, 0x00, 0x00, 0x00, 0x00,
  0x00, 0x00, 0x00, 0x00, 0x00, 0x00,
  0x00, 0x00, 0x00, 0x00, 0x00, 0x00,
  0x00, 0x00, 0x00, 0x00, 0x00, 0x00,
  0x00, 0x00, 0x00, 0x00, 0x00, 0x00,
  0x0E, 0x1F, 0xF4, 0x0F, 0xF4, 0x00,
  0x0E, 0x7F, 0xFD, 0x7F, 0xFD, 0x00,
  0x0F, 0xC0, 0x2F, 0xD0, 0x1F, 0x00,
  0x0F, 0x40, 0x0F, 0x80, 0x0F, 0x00,
  0x0F, 0x00, 0x0F, 0x40, 0x0F, 0x00,
  0x0F, 0x00, 0x0F, 0x00, 0x0F, 0x40,
  0x0F, 0x00, 0x0F, 0x00, 0x0F, 0x40,
  0x0F, 0x00, 0x0F, 0x00, 0x0F, 0x40,
  0x0F, 0x00, 0x0F, 0x00, 0x0F, 0x40,
  0x0F, 0x00, 0x0F, 0x00, 0x0F, 0x40,
  0x0F, 0x00, 0x0F, 0x00, 0x0F, 0x40,
  0x0F, 0x00, 0x0F, 0x00, 0x0F, 0x40,
  0x0F, 0x00, 0x0F, 0x00, 0x0F, 0x40,
  0x0F, 0x00, 0x0F, 0x00, 0x0F, 0x40,
  0x00, 0x00, 0x00, 0x00, 0x00, 0x00,
  0x00, 0x00, 0x00, 0x00, 0x00, 0x00,
  0x00, 0x00, 0x00, 0x00, 0x00, 0x00,
  0x00, 0x00, 0x00, 0x00, 0x00, 0x00,
  0x00, 0x00, 0x00, 0x00, 0x00, 0x00
};

GUI_CONST_STORAGE unsigned char acGUI_FontLiberationSans28_006E[112] = { /* code 006E, LATIN SMALL LETTER N */
  0x00, 0x00, 0x00, 0x00,
  0x00, 0x00, 0x00, 0x00,
  0x00, 0x00, 0x00, 0x00,
  0x00, 0x00, 0x00, 0x00,
  0x00, 0x00, 0x00, 0x00,
  0x00, 0x00, 0x00, 0x00,
  0x00, 0x00, 0x00, 0x00,
  0x00, 0x00, 0x00, 0x00,
  0x00, 0x00, 0x00, 0x00,
  0x1E, 0x1F, 0xF4, 0x00,
  0x1E, 0x7F, 0xFE, 0x00,
  0x1F, 0xC0, 0x1F, 0x00,
  0x1F, 0x40, 0x0F, 0x40,
  0x1F, 0x00, 0x0B, 0x40,
  0x1F, 0x00, 0x0B, 0x40,
  0x1F, 0x00, 0x0B, 0x40,
  0x1F, 0x00, 0x0B, 0x40,
  0x1F, 0x00, 0x0B, 0x40,
  0x1F, 0x00, 0x0B, 0x40,
  0x1F, 0x00, 0x0B, 0x40,
  0x1F, 0x00, 0x0B, 0x40,
  0x1F, 0x00, 0x0B, 0x40,
  0x1F, 0x00, 0x0B, 0x40,
  0x00, 0x00, 0x00, 0x00,
  0x00, 0x00, 0x00, 0x00,
  0x00, 0x00, 0x00, 0x00,
  0x00, 0x00, 0x00, 0x00,
  0x00, 0x00, 0x00, 0x00
};

GUI_CONST_STORAGE unsigned char acGUI_FontLiberationSans28_006F[112] = { /* code 006F, LATIN SMALL LETTER O */
  0x00, 0x00, 0x00, 0x00,
  0x00, 0x00, 0x00, 0x00,
  0x00, 0x00, 0x00, 0x00,
  0x00, 0x00, 0x00, 0x00,
  0x00, 0x00, 0x00, 0x00,
  0x00, 0x00, 0x00, 0x00,
  0x00, 0x00, 0x00, 0x00,
  0x00, 0x00, 0x00, 0x00,
  0x00, 0x00, 0x00, 0x00,
  0x00, 0xBF, 0xE0, 0x00,
  0x03, 0xFA, 0xFD, 0x00,
  0x0F, 0x80, 0x1F, 0x00,
  0x1F, 0x00, 0x0B, 0x40,
  0x2E, 0x00, 0x07, 0x80,
  0x2D, 0x00, 0x07, 0x80,
  0x3D, 0x00, 0x07, 0xC0,
  0x3D, 0x00, 0x07, 0xC0,
  0x2D, 0x00, 0x07, 0x80,
  0x2E, 0x00, 0x07, 0x80,
  0x1F, 0x00, 0x0B, 0x40,
  0x0F, 0x80, 0x1F, 0x00,
  0x03, 0xFA, 0xFC, 0x00,
  0x00, 0xBF, 0xE0, 0x00,
  0x00, 0x00, 0x00, 0x00,
  0x00, 0x00, 0x00, 0x00,
  0x00, 0x00, 0x00, 0x00,
  0x00, 0x00, 0x00, 0x00,
  0x00, 0x00, 0x00, 0x00
};

GUI_CONST_STORAGE unsigned char acGUI_FontLiberationSans28_0070[112] = { /* code 0070, LATIN SMALL LETTER P */
  0x00, 0x00, 0x00, 0x00,
  0x00, 0x00, 0x00, 0x00,
  0x00, 0x00, 0x00, 0x00,
  0x00, 0x00, 0x00, 0x00,
  0x00, 0x00, 0x00, 0x00,
  0x00, 0x00, 0x00, 0x00,
  0x00, 0x00, 0x00, 0x00,
  0x00, 0x00, 0x00, 0x00,
  0x00, 0x00, 0x00, 0x00,
  0x1E, 0x1F, 0xF4, 0x00,
  0x1E, 0x7F, 0xFE, 0x00,
  0x1F, 0xC0, 0x1F, 0x00,
  0x1F, 0x40, 0x0B, 0x40,
  0x1F, 0x00, 0x07, 0x80,
  0x1F, 0x00, 0x07, 0x80,
  0x1E, 0x00, 0x07, 0xC0,
  0x1E, 0x00, 0x07, 0xC0,
  0x1F, 0x00, 0x07, 0x80,
  0x1F, 0x00, 0x07, 0x80,
  0x1F, 0x40, 0x0B, 0x40,
  0x1F, 0xC0, 0x1F, 0x00,
  0x1E, 0xBE, 0xFD, 0x00,
  0x1E, 0x1F, 0xF4, 0x00,
  0x1E, 0x00, 0x00, 0x00,
  0x1E, 0x00, 0x00, 0x00,
  0x1E, 0x00, 0x00, 0x00,
  0x1E, 0x00, 0x00, 0x00,
  0x1E, 0x00, 0x00, 0x00
};

GUI_CONST_STORAGE unsigned char acGUI_FontLiberationSans28_0071[112] = { /* code 0071, LATIN SMALL LETTER Q */
  0x00, 0x00, 0x00, 0x00,
  0x00, 0x00, 0x00, 0x00,
  0x00, 0x00, 0x00, 0x00,
  0x00, 0x00, 0x00, 0x00,
  0x00, 0x00, 0x00, 0x00,
  0x00, 0x00, 0x00, 0x00,
  0x00, 0x00, 0x00, 0x00,
  0x00, 0x00, 0x00, 0x00,
  0x00, 0x00, 0x00, 0x00,
  0x01, 0xFF, 0x4B, 0x40,
  0x07, 0xFB, 0xDB, 0x40,
  0x0F, 0x40, 0x3F, 0x40,
  0x1E, 0x00, 0x1F, 0x40,
  0x2D, 0x00, 0x0F, 0x40,
  0x2D, 0x00, 0x0F, 0x40,
  0x3D, 0x00, 0x0B, 0x40,
  0x3D, 0x00, 0x0B, 0x40,
  0x2D, 0x00, 0x0F, 0x40,
  0x2D, 0x00, 0x0F, 0x40,
  0x1E, 0x00, 0x1F, 0x40,
  0x0F, 0x40, 0x3F, 0x40,
  0x0B, 0xFF, 0xDB, 0x40,
  0x01, 0xFF, 0x4B, 0x40,
  0x00, 0x00, 0x0B, 0x40,
  0x00, 0x00, 0x0B, 0x40,
  0x00, 0x00, 0x0B, 0x40,
  0x00, 0x00, 0x0B, 0x40,
  0x00, 0x00, 0x0B, 0x40
};

GUI_CONST_STORAGE unsigned char acGUI_FontLiberationSans28_0072[ 56] = { /* code 0072, LATIN SMALL LETTER R */
  0x00, 0x00,
  0x00, 0x00,
  0x00, 0x00,
  0x00, 0x00,
  0x00, 0x00,
  0x00, 0x00,
  0x00, 0x00,
  0x00, 0x00,
  0x00, 0x00,
  0x1E, 0x2E,
  0x1E, 0xBE,
  0x1F, 0xC0,
  0x1F, 0x40,
  0x1F, 0x00,
  0x1F, 0x00,
  0x1E, 0x00,
  0x1E, 0x00,
  0x1E, 0x00,
  0x1E, 0x00,
  0x1E, 0x00,
  0x1E, 0x00,
  0x1E, 0x00,
  0x1E, 0x00,
  0x00, 0x00,
  0x00, 0x00,
  0x00, 0x00,
  0x00, 0x00,
  0x00, 0x00
};

GUI_CONST_STORAGE unsigned char acGUI_FontLiberationSans28_0073[112] = { /* code 0073, LATIN SMALL LETTER S */
  0x00, 0x00, 0x00, 0x00,
  0x00, 0x00, 0x00, 0x00,
  0x00, 0x00, 0x00, 0x00,
  0x00, 0x00, 0x00, 0x00,
  0x00, 0x00, 0x00, 0x00,
  0x00, 0x00, 0x00, 0x00,
  0x00, 0x00, 0x00, 0x00,
  0x00, 0x00, 0x00, 0x00,
  0x00, 0x00, 0x00, 0x00,
  0x01, 0xFF, 0xD0, 0x00,
  0x0F, 0xEA, 0xFC, 0x00,
  0x1E, 0x00, 0x2E, 0x00,
  0x2D, 0x00, 0x04, 0x00,
  0x2E, 0x00, 0x00, 0x00,
  0x0F, 0xD0, 0x00, 0x00,
  0x03, 0xFF, 0xD0, 0x00,
  0x00, 0x1F, 0xFC, 0x00,
  0x00, 0x00, 0x7E, 0x00,
  0x00, 0x00, 0x0F, 0x00,
  0x14, 0x00, 0x0F, 0x00,
  0x3D, 0x00, 0x1E, 0x00,
  0x1F, 0xEB, 0xFC, 0x00,
  0x02, 0xFF, 0xD0, 0x00,
  0x00, 0x00, 0x00, 0x00,
  0x00, 0x00, 0x00, 0x00,
  0x00, 0x00, 0x00, 0x00,
  0x00, 0x00, 0x00, 0x00,
  0x00, 0x00, 0x00, 0x00
};

GUI_CONST_STORAGE unsigned char acGUI_FontLiberationSans28_0074[ 56] = { /* code 0074, LATIN SMALL LETTER T */
  0x00, 0x00,
  0x00, 0x00,
  0x00, 0x00,
  0x00, 0x00,
  0x00, 0x00,
  0x00, 0x00,
  0x07, 0x00,
  0x0B, 0x00,
  0x0B, 0x00,
  0xBF, 0xF4,
  0x6F, 0xA4,
  0x0F, 0x00,
  0x0F, 0x00,
  0x0F, 0x00,
  0x0F, 0x00,
  0x0F, 0x00,
  0x0F, 0x00,
  0x0F, 0x00,
  0x0F, 0x00,
  0x0F, 0x00,
  0x0F, 0x00,
  0x0B, 0xF8,
  0x03, 0xF8,
  0x00, 0x00,
  0x00, 0x00,
  0x00, 0x00,
  0x00, 0x00,
  0x00, 0x00
};

GUI_CONST_STORAGE unsigned char acGUI_FontLiberationSans28_0075[112] = { /* code 0075, LATIN SMALL LETTER U */
  0x00, 0x00, 0x00, 0x00,
  0x00, 0x00, 0x00, 0x00,
  0x00, 0x00, 0x00, 0x00,
  0x00, 0x00, 0x00, 0x00,
  0x00, 0x00, 0x00, 0x00,
  0x00, 0x00, 0x00, 0x00,
  0x00, 0x00, 0x00, 0x00,
  0x00, 0x00, 0x00, 0x00,
  0x00, 0x00, 0x00, 0x00,
  0x1E, 0x00, 0x0F, 0x40,
  0x1E, 0x00, 0x0F, 0x40,
  0x1E, 0x00, 0x0F, 0x40,
  0x1E, 0x00, 0x0F, 0x40,
  0x1E, 0x00, 0x0F, 0x40,
  0x1E, 0x00, 0x0F, 0x40,
  0x1E, 0x00, 0x0F, 0x40,
  0x1E, 0x00, 0x0F, 0x40,
  0x1E, 0x00, 0x0F, 0x40,
  0x1E, 0x00, 0x0F, 0x40,
  0x1F, 0x00, 0x1F, 0x40,
  0x0F, 0x40, 0x3F, 0x40,
  0x0B, 0xFF, 0xDB, 0x40,
  0x01, 0xFF, 0x4B, 0x40,
  0x00, 0x00, 0x00, 0x00,
  0x00, 0x00, 0x00, 0x00,
  0x00, 0x00, 0x00, 0x00,
  0x00, 0x00, 0x00, 0x00,
  0x00, 0x00, 0x00, 0x00
};

GUI_CONST_STORAGE unsigned char acGUI_FontLiberationSans28_0076[ 84] = { /* code 0076, LATIN SMALL LETTER V */
  0x00, 0x00, 0x00,
  0x00, 0x00, 0x00,
  0x00, 0x00, 0x00,
  0x00, 0x00, 0x00,
  0x00, 0x00, 0x00,
  0x00, 0x00, 0x00,
  0x00, 0x00, 0x00,
  0x00, 0x00, 0x00,
  0x00, 0x00, 0x00,
  0xB4, 0x00, 0x78,
  0x78, 0x00, 0xB4,
  0x3C, 0x00, 0xF0,
  0x2D, 0x01, 0xE0,
  0x2D, 0x02, 0xE0,
  0x1E, 0x02, 0xD0,
  0x0F, 0x03, 0xC0,
  0x0B, 0x47, 0x80,
  0x07, 0x8B, 0x40,
  0x03, 0x8B, 0x00,
  0x02, 0xDE, 0x00,
  0x01, 0xED, 0x00,
  0x01, 0xFC, 0x00,
  0x00, 0xF8, 0x00,
  0x00, 0x00, 0x00,
  0x00, 0x00, 0x00,
  0x00, 0x00, 0x00,
  0x00, 0x00, 0x00,
  0x00, 0x00, 0x00
};

GUI_CONST_STORAGE unsigned char acGUI_FontLiberationSans28_0077[140] = { /* code 0077, LATIN SMALL LETTER W */
  0x00, 0x00, 0x00, 0x00, 0x00,
  0x00, 0x00, 0x00, 0x00, 0x00,
  0x00, 0x00, 0x00, 0x00, 0x00,
  0x00, 0x00, 0x00, 0x00, 0x00,
  0x00, 0x00, 0x00, 0x00, 0x00,
  0x00, 0x00, 0x00, 0x00, 0x00,
  0x00, 0x00, 0x00, 0x00, 0x00,
  0x00, 0x00, 0x00, 0x00, 0x00,
  0x00, 0x00, 0x00, 0x00, 0x00,
  0xB4, 0x00, 0xB8, 0x00, 0x3C,
  0xB4, 0x00, 0xFC, 0x00, 0x78,
  0x78, 0x01, 0xED, 0x00, 0xB4,
  0x3C, 0x01, 0xDE, 0x00, 0xF0,
  0x2D, 0x02, 0x8A, 0x00, 0xE0,
  0x1D, 0x03, 0x8B, 0x01, 0xD0,
  0x0E, 0x07, 0x47, 0x42, 0xC0,
  0x0B, 0x0B, 0x03, 0x83, 0x80,
  0x0B, 0x4A, 0x02, 0x87, 0x80,
  0x07, 0x4E, 0x02, 0xC7, 0x40,
  0x03, 0x9D, 0x01, 0xDB, 0x00,
  0x02, 0xEC, 0x00, 0xEE, 0x00,
  0x01, 0xF8, 0x00, 0xBD, 0x00,
  0x00, 0xF8, 0x00, 0xBC, 0x00,
  0x00, 0x00, 0x00, 0x00, 0x00,
  0x00, 0x00, 0x00, 0x00, 0x00,
  0x00, 0x00, 0x00, 0x00, 0x00,
  0x00, 0x00, 0x00, 0x00, 0x00,
  0x00, 0x00, 0x00, 0x00, 0x00
};

GUI_CONST_STORAGE unsigned char acGUI_FontLiberationSans28_0078[ 84] = { /* code 0078, LATIN SMALL LETTER X */
  0x00, 0x00, 0x00,
  0x00, 0x00, 0x00,
  0x00, 0x00, 0x00,
  0x00, 0x00, 0x00,
  0x00, 0x00, 0x00,
  0x00, 0x00, 0x00,
  0x00, 0x00, 0x00,
  0x00, 0x00, 0x00,
  0x00, 0x00, 0x00,
  0x7C, 0x00, 0xF4,
  0x2E, 0x02, 0xE0,
  0x0F, 0x03, 0xC0,
  0x0B, 0x4B, 0x40,
  0x03, 0xCF, 0x00,
  0x01, 0xFD, 0x00,
  0x00, 0xF8, 0x00,
  0x00, 0xFC, 0x00,
  0x02, 0xFE, 0x00,
  0x03, 0x8B, 0x40,
  0x0B, 0x47, 0x80,
  0x1E, 0x02, 0xD0,
  0x2D, 0x01, 0xF0,
  0x78, 0x00, 0xF4,
  0x00, 0x00, 0x00,
  0x00, 0x00, 0x00,
  0x00, 0x00, 0x00,
  0x00, 0x00, 0x00,
  0x00, 0x00, 0x00
};

GUI_CONST_STORAGE unsigned char acGUI_FontLiberationSans28_0079[ 84] = { /* code 0079, LATIN SMALL LETTER Y */
  0x00, 0x00, 0x00,
  0x00, 0x00, 0x00,
  0x00, 0x00, 0x00,
  0x00, 0x00, 0x00,
  0x00, 0x00, 0x00,
  0x00, 0x00, 0x00,
  0x00, 0x00, 0x00,
  0x00, 0x00, 0x00,
  0x00, 0x00, 0x00,
  0xB4, 0x00, 0x1E,
  0x78, 0x00, 0x2D,
  0x3C, 0x00, 0x3C,
  0x2D, 0x00, 0x78,
  0x1E, 0x00, 0xB4,
  0x0F, 0x00, 0xF0,
  0x0B, 0x41, 0xE0,
  0x07, 0x82, 0xD0,
  0x02, 0xC2, 0xC0,
  0x01, 0xD3, 0x80,
  0x00, 0xE7, 0x40,
  0x00, 0xBF, 0x00,
  0x00, 0x7E, 0x00,
  0x00, 0x3D, 0x00,
  0x00, 0x3C, 0x00,
  0x00, 0xB4, 0x00,
  0x01, 0xF0, 0x00,
  0x2F, 0xD0, 0x00,
  0x3F, 0x00, 0x00
};

GUI_CONST_STORAGE unsigned char acGUI_FontLiberationSans28_007A[ 84] = { /* code 007A, LATIN SMALL LETTER Z */
  0x00, 0x00, 0x00,
  0x00, 0x00, 0x00,
  0x00, 0x00, 0x00,
  0x00, 0x00, 0x00,
  0x00, 0x00, 0x00,
  0x00, 0x00, 0x00,
  0x00, 0x00, 0x00,
  0x00, 0x00, 0x00,
  0x00, 0x00, 0x00,
  0x2F, 0xFF, 0xF4,
  0x2F, 0xFF, 0xF4,
  0x00, 0x01, 0xF0,
  0x00, 0x03, 0xD0,
  0x00, 0x0B, 0x80,
  0x00, 0x1F, 0x00,
  0x00, 0x3D, 0x00,
  0x00, 0xB8, 0x00,
  0x01, 0xF0, 0x00,
  0x03, 0xD0, 0x00,
  0x0B, 0x80, 0x00,
  0x1F, 0x00, 0x00,
  0x3F, 0xFF, 0xF8,
  0x3F, 0xFF, 0xF8,
  0x00, 0x00, 0x00,
  0x00, 0x00, 0x00,
  0x00, 0x00, 0x00,
  0x00, 0x00, 0x00,
  0x00, 0x00, 0x00
};

GUI_CONST_STORAGE unsigned char acGUI_FontLiberationSans28_007B[ 56] = { /* code 007B, LEFT CURLY BRACKET */
  0x00, 0x00,
  0x00, 0x00,
  0x00, 0x00,
  0x00, 0x00,
  0x00, 0x00,
  0x00, 0xBE,
  0x02, 0xF9,
  0x03, 0xC0,
  0x03, 0xC0,
  0x03, 0xC0,
  0x03, 0xC0,
  0x03, 0xC0,
  0x03, 0xC0,
  0x03, 0xC0,
  0x0B, 0x40,
  0xBD, 0x00,
  0x7F, 0x00,
  0x07, 0x80,
  0x03, 0xC0,
  0x03, 0xC0,
  0x03, 0xC0,
  0x03, 0xC0,
  0x03, 0xC0,
  0x03, 0xC0,
  0x03, 0xC0,
  0x03, 0xD0,
  0x02, 0xF9,
  0x00, 0xBE
};

GUI_CONST_STORAGE unsigned char acGUI_FontLiberationSans28_007C[ 56] = { /* code 007C, VERTICAL LINE */
  0x00, 0x00,
  0x00, 0x00,
  0x00, 0x00,
  0x00, 0x00,
  0x00, 0x00,
  0x0F, 0x00,
  0x0F, 0x00,
  0x0F, 0x00,
  0x0F, 0x00,
  0x0F, 0x00,
  0x0F, 0x00,
  0x0F, 0x00,
  0x0F, 0x00,
  0x0F, 0x00,
  0x0F, 0x00,
  0x0F, 0x00,
  0x0F, 0x00,
  0x0F, 0x00,
  0x0F, 0x00,
  0x0F, 0x00,
  0x0F, 0x00,
  0x0F, 0x00,
  0x0F, 0x00,
  0x0F, 0x00,
  0x0F, 0x00,
  0x0F, 0x00,
  0x0F, 0x00,
  0x0F, 0x00
};

GUI_CONST_STORAGE unsigned char acGUI_FontLiberationSans28_007D[ 56] = { /* code 007D, RIGHT CURLY BRACKET */
  0x00, 0x00,
  0x00, 0x00,
  0x00, 0x00,
  0x00, 0x00,
  0x00, 0x00,
  0xBE, 0x00,
  0x6F, 0x80,
  0x03, 0xC0,
  0x03, 0xC0,
  0x03, 0xC0,
  0x03, 0xC0,
  0x03, 0xC0,
  0x03, 0xC0,
  0x03, 0xC0,
  0x01, 0xE0,
  0x00, 0x7E,
  0x00, 0xFD,
  0x02, 0xD0,
  0x03, 0xC0,
  0x03, 0xC0,
  0x03, 0xC0,
  0x03, 0xC0,
  0x03, 0xC0,
  0x03, 0xC0,
  0x03, 0xC0,
  0x07, 0xC0,
  0x6F, 0x80,
  0xBE, 0x00
};

GUI_CONST_STORAGE unsigned char acGUI_FontLiberationSans28_007E[112] = { /* code 007E, TILDE */
  0x00, 0x00, 0x00, 0x00,
  0x00, 0x00, 0x00, 0x00,
  0x00, 0x00, 0x00, 0x00,
  0x00, 0x00, 0x00, 0x00,
  0x00, 0x00, 0x00, 0x00,
  0x00, 0x00, 0x00, 0x00,
  0x00, 0x00, 0x00, 0x00,
  0x00, 0x00, 0x00, 0x00,
  0x00, 0x00, 0x00, 0x00,
  0x00, 0x00, 0x00, 0x00,
  0x00, 0x00, 0x00, 0x00,
  0x00, 0x00, 0x00, 0x00,
  0x00, 0x00, 0x00, 0x00,
  0x07, 0xF4, 0x00, 0x00,
  0x2F, 0xFF, 0x40, 0x60,
  0x24, 0x07, 0xFB, 0xE0,
  0x00, 0x00, 0x7F, 0x80,
  0x00, 0x00, 0x00, 0x00,
  0x00, 0x00, 0x00, 0x00,
  0x00, 0x00, 0x00, 0x00,
  0x00, 0x00, 0x00, 0x00,
  0x00, 0x00, 0x00, 0x00,
  0x00, 0x00, 0x00, 0x00,
  0x00, 0x00, 0x00, 0x00,
  0x00, 0x00, 0x00, 0x00,
  0x00, 0x00, 0x00, 0x00,
  0x00, 0x00, 0x00, 0x00,
  0x00, 0x00, 0x00, 0x00
};

GUI_CONST_STORAGE unsigned char acGUI_FontLiberationSans28_007F[140] = { /* code 007F, <control> */
  0x00, 0x00, 0x00, 0x00, 0x00,
  0x00, 0x00, 0x00, 0x00, 0x00,
  0x00, 0x00, 0x00, 0x00, 0x00,
  0x00, 0x00, 0x00, 0x00, 0x00,
  0x00, 0x00, 0x00, 0x00, 0x00,
  0x00, 0x00, 0x00, 0x00, 0x00,
  0x7F, 0xF0, 0x00, 0x00, 0x00,
  0x60, 0x30, 0x00, 0x00, 0x00,
  0x60, 0x30, 0x00, 0x00, 0x00,
  0x60, 0x30, 0x00, 0x00, 0x00,
  0x60, 0x30, 0x00, 0x00, 0x00,
  0x60, 0x30, 0x00, 0x00, 0x00,
  0x60, 0x30, 0x00, 0x00, 0x00,
  0x60, 0x30, 0x00, 0x00, 0x00,
  0x60, 0x30, 0x00, 0x00, 0x00,
  0x60, 0x30, 0x00, 0x00, 0x00,
  0x60, 0x30, 0x00, 0x00, 0x00,
  0x60, 0x30, 0x00, 0x00, 0x00,
  0x60, 0x30, 0x00, 0x00, 0x00,
  0x60, 0x30, 0x00, 0x00, 0x00,
  0x60, 0x30, 0x00, 0x00, 0x00,
  0x60, 0x30, 0x00, 0x00, 0x00,
  0x7F, 0xF0, 0x00, 0x00, 0x00,
  0x00, 0x00, 0x00, 0x00, 0x00,
  0x00, 0x00, 0x00, 0x00, 0x00,
  0x00, 0x00, 0x00, 0x00, 0x00,
  0x00, 0x00, 0x00, 0x00, 0x00,
  0x00, 0x00, 0x00, 0x00, 0x00
};

/* Start of unicode area <Latin-1 Supplement> */
GUI_CONST_STORAGE unsigned char acGUI_FontLiberationSans28_00C1[ 28] = { /* code 00C1, LATIN CAPITAL LETTER A WITH ACUTE */
  0x00,
  0x00,
  0x00,
  0x00,
  0x00,
  0x00,
  0x00,
  0x00,
  0x00,
  0x00,
  0x00,
  0x00,
  0x00,
  0x00,
  0x00,
  0x00,
  0x00,
  0x00,
  0x00,
  0x00,
  0x00,
  0x00,
  0x00,
  0x00,
  0x00,
  0x00,
  0x00,
  0x00
};

GUI_CONST_STORAGE unsigned char acGUI_FontLiberationSans28_00C7[140] = { /* code 00C7, LATIN CAPITAL LETTER C WITH CEDILLA */
  0x00, 0x00, 0x00, 0x00, 0x00,
  0x00, 0x00, 0x00, 0x00, 0x00,
  0x00, 0x00, 0x00, 0x00, 0x00,
  0x00, 0x00, 0x00, 0x00, 0x00,
  0x00, 0x00, 0x00, 0x00, 0x00,
  0x00, 0x00, 0x00, 0x00, 0x00,
  0x00, 0x07, 0xFF, 0x80, 0x00,
  0x00, 0xBF, 0xFF, 0xF8, 0x00,
  0x02, 0xF8, 0x00, 0x7E, 0x00,
  0x07, 0xD0, 0x00, 0x0F, 0x40,
  0x0F, 0x80, 0x00, 0x07, 0x40,
  0x1F, 0x00, 0x00, 0x00, 0x00,
  0x2E, 0x00, 0x00, 0x00, 0x00,
  0x2E, 0x00, 0x00, 0x00, 0x00,
  0x2E, 0x00, 0x00, 0x00, 0x00,
  0x2E, 0x00, 0x00, 0x00, 0x00,
  0x1E, 0x00, 0x00, 0x00, 0x00,
  0x1F, 0x00, 0x00, 0x00, 0x00,
  0x0F, 0x80, 0x00, 0x03, 0x40,
  0x07, 0xD0, 0x00, 0x0F, 0x80,
  0x02, 0xFC, 0x00, 0x7F, 0x00,
  0x00, 0xBF, 0xFF, 0xF8, 0x00,
  0x00, 0x07, 0xFF, 0x80, 0x00,
  0x00, 0x00, 0x30, 0x00, 0x00,
  0x00, 0x00, 0x7D, 0x00, 0x00,
  0x00, 0x00, 0x0B, 0x00, 0x00,
  0x00, 0x00, 0x0B, 0x00, 0x00,
  0x00, 0x01, 0xFC, 0x00, 0x00
};

GUI_CONST_STORAGE unsigned char acGUI_FontLiberationSans28_00D0[140] = { /* code 00D0, LATIN CAPITAL LETTER ETH */
  0x00, 0x00, 0x00, 0x00, 0x00,
  0x00, 0x0E, 0x00, 0xE0, 0x00,
  0x00, 0x07, 0xFF, 0xC0, 0x00,
  0x00, 0x01, 0xFE, 0x00, 0x00,
  0x00, 0x00, 0x00, 0x00, 0x00,
  0x00, 0x00, 0x00, 0x00, 0x00,
  0x00, 0x0B, 0xFF, 0x80, 0x00,
  0x00, 0xBF, 0xFF, 0xF8, 0x00,
  0x02, 0xF8, 0x00, 0xBE, 0x00,
  0x0B, 0xC0, 0x00, 0x1F, 0x40,
  0x0F, 0x40, 0x00, 0x0A, 0x40,
  0x1F, 0x00, 0x00, 0x00, 0x00,
  0x2E, 0x00, 0x00, 0x00, 0x00,
  0x2E, 0x00, 0x00, 0x00, 0x00,
  0x2E, 0x00, 0x0F, 0xFF, 0xC0,
  0x2E, 0x00, 0x0F, 0xFF, 0xC0,
  0x2E, 0x00, 0x00, 0x03, 0xC0,
  0x1F, 0x00, 0x00, 0x03, 0xC0,
  0x0F, 0x80, 0x00, 0x03, 0xC0,
  0x07, 0xD0, 0x00, 0x07, 0xC0,
  0x02, 0xF8, 0x00, 0x7F, 0x80,
  0x00, 0xBF, 0xFF, 0xFD, 0x00,
  0x00, 0x07, 0xFF, 0x90, 0x00,
  0x00, 0x00, 0x00, 0x00, 0x00,
  0x00, 0x00, 0x00, 0x00, 0x00,
  0x00, 0x00, 0x00, 0x00, 0x00,
  0x00, 0x00, 0x00, 0x00, 0x00,
  0x00, 0x00, 0x00, 0x00, 0x00
};

GUI_CONST_STORAGE unsigned char acGUI_FontLiberationSans28_00D6[140] = { /* code 00D6, LATIN CAPITAL LETTER O WITH DIAERESIS */
  0x00, 0x00, 0x00, 0x00, 0x00,
  0x00, 0x00, 0x00, 0x00, 0x00,
  0x00, 0x0B, 0x43, 0x80, 0x00,
  0x00, 0x0B, 0x43, 0x80, 0x00,
  0x00, 0x00, 0x00, 0x00, 0x00,
  0x00, 0x00, 0x00, 0x00, 0x00,
  0x00, 0x0B, 0xFF, 0x80, 0x00,
  0x00, 0xBF, 0xFF, 0xF8, 0x00,
  0x02, 0xF8, 0x00, 0xBE, 0x00,
  0x0B, 0xC0, 0x00, 0x1F, 0x80,
  0x0F, 0x40, 0x00, 0x07, 0xC0,
  0x1F, 0x00, 0x00, 0x03, 0xD0,
  0x2E, 0x00, 0x00, 0x02, 0xE0,
  0x2D, 0x00, 0x00, 0x02, 0xE0,
  0x2D, 0x00, 0x00, 0x01, 0xE0,
  0x2D, 0x00, 0x00, 0x02, 0xE0,
  0x2E, 0x00, 0x00, 0x02, 0xE0,
  0x1F, 0x00, 0x00, 0x03, 0xD0,
  0x0F, 0x40, 0x00, 0x07, 0xC0,
  0x07, 0xD0, 0x00, 0x0F, 0x40,
  0x02, 0xF8, 0x00, 0x7E, 0x00,
  0x00, 0xBF, 0xFF, 0xF8, 0x00,
  0x00, 0x0B, 0xFF, 0x40, 0x00,
  0x00, 0x00, 0x00, 0x00, 0x00,
  0x00, 0x00, 0x00, 0x00, 0x00,
  0x00, 0x00, 0x00, 0x00, 0x00,
  0x00, 0x00, 0x00, 0x00, 0x00,
  0x00, 0x00, 0x00, 0x00, 0x00
};

GUI_CONST_STORAGE unsigned char acGUI_FontLiberationSans28_00DC[140] = { /* code 00DC, LATIN CAPITAL LETTER U WITH DIAERESIS */
  0x00, 0x00, 0x00, 0x00, 0x00,
  0x00, 0x00, 0x00, 0x00, 0x00,
  0x00, 0x1E, 0x0B, 0x40, 0x00,
  0x00, 0x1E, 0x0B, 0x40, 0x00,
  0x00, 0x00, 0x00, 0x00, 0x00,
  0x00, 0x00, 0x00, 0x00, 0x00,
  0x0F, 0x40, 0x00, 0x0F, 0x00,
  0x0F, 0x40, 0x00, 0x0F, 0x00,
  0x0F, 0x40, 0x00, 0x0F, 0x00,
  0x0F, 0x40, 0x00, 0x0F, 0x00,
  0x0F, 0x40, 0x00, 0x0F, 0x00,
  0x0F, 0x40, 0x00, 0x0F, 0x00,
  0x0F, 0x40, 0x00, 0x0F, 0x00,
  0x0F, 0x40, 0x00, 0x0F, 0x00,
  0x0F, 0x40, 0x00, 0x0F, 0x00,
  0x0F, 0x40, 0x00, 0x0F, 0x00,
  0x0F, 0x40, 0x00, 0x0F, 0x00,
  0x0F, 0x40, 0x00, 0x1F, 0x00,
  0x0B, 0x40, 0x00, 0x1E, 0x00,
  0x07, 0xC0, 0x00, 0x3D, 0x00,
  0x03, 0xF4, 0x01, 0xF8, 0x00,
  0x00, 0xFF, 0xFF, 0xE0, 0x00,
  0x00, 0x1B, 0xFE, 0x00, 0x00,
  0x00, 0x00, 0x00, 0x00, 0x00,
  0x00, 0x00, 0x00, 0x00, 0x00,
  0x00, 0x00, 0x00, 0x00, 0x00,
  0x00, 0x00, 0x00, 0x00, 0x00,
  0x00, 0x00, 0x00, 0x00, 0x00
};

GUI_CONST_STORAGE unsigned char acGUI_FontLiberationSans28_00DD[ 56] = { /* code 00DD, LATIN CAPITAL LETTER Y WITH ACUTE */
  0x00, 0x00,
  0x0B, 0x40,
  0x0B, 0x40,
  0x00, 0x00,
  0x00, 0x00,
  0x00, 0x00,
  0x0F, 0x40,
  0x0F, 0x40,
  0x0F, 0x40,
  0x0F, 0x40,
  0x0F, 0x40,
  0x0F, 0x40,
  0x0F, 0x40,
  0x0F, 0x40,
  0x0F, 0x40,
  0x0F, 0x40,
  0x0F, 0x40,
  0x0F, 0x40,
  0x0F, 0x40,
  0x0F, 0x40,
  0x0F, 0x40,
  0x0F, 0x40,
  0x0F, 0x40,
  0x00, 0x00,
  0x00, 0x00,
  0x00, 0x00,
  0x00, 0x00,
  0x00, 0x00
};

GUI_CONST_STORAGE unsigned char acGUI_FontLiberationSans28_00DE[140] = { /* code 00DE, LATIN CAPITAL LETTER THORN */
  0x00, 0x00, 0x00, 0x00, 0x00,
  0x00, 0x00, 0x00, 0x00, 0x00,
  0x00, 0x00, 0x00, 0x00, 0x00,
  0x00, 0x00, 0x00, 0x00, 0x00,
  0x00, 0x00, 0x00, 0x00, 0x00,
  0x00, 0x00, 0x00, 0x00, 0x00,
  0x00, 0x2F, 0xFE, 0x40, 0x00,
  0x02, 0xFF, 0xFF, 0xF0, 0x00,
  0x07, 0xD0, 0x01, 0xF8, 0x00,
  0x0F, 0x40, 0x00, 0x3D, 0x00,
  0x0F, 0x40, 0x00, 0x00, 0x00,
  0x0B, 0x80, 0x00, 0x00, 0x00,
  0x07, 0xF4, 0x00, 0x00, 0x00,
  0x01, 0xFF, 0xE4, 0x00, 0x00,
  0x00, 0x1F, 0xFF, 0xD0, 0x00,
  0x00, 0x00, 0x1B, 0xF8, 0x00,
  0x00, 0x00, 0x00, 0x7D, 0x00,
  0x00, 0x00, 0x00, 0x2E, 0x00,
  0x19, 0x00, 0x00, 0x1E, 0x00,
  0x1F, 0x00, 0x00, 0x2E, 0x00,
  0x0F, 0xD0, 0x00, 0xBC, 0x00,
  0x03, 0xFF, 0xFF, 0xF4, 0x00,
  0x00, 0x6F, 0xFE, 0x40, 0x00,
  0x00, 0x00, 0xC0, 0x00, 0x00,
  0x00, 0x02, 0xF4, 0x00, 0x00,
  0x00, 0x00, 0x1C, 0x00, 0x00,
  0x00, 0x00, 0x2C, 0x00, 0x00,
  0x00, 0x07, 0xF4, 0x00, 0x00
};

GUI_CONST_STORAGE unsigned char acGUI_FontLiberationSans28_00E7[112] = { /* code 00E7, LATIN SMALL LETTER C WITH CEDILLA */
  0x00, 0x00, 0x00, 0x00,
  0x00, 0x00, 0x00, 0x00,
  0x00, 0x00, 0x00, 0x00,
  0x00, 0x00, 0x00, 0x00,
  0x00, 0x00, 0x00, 0x00,
  0x00, 0x00, 0x00, 0x00,
  0x00, 0x00, 0x00, 0x00,
  0x00, 0x00, 0x00, 0x00,
  0x00, 0x00, 0x00, 0x00,
  0x00, 0xBF, 0xD0, 0x00,
  0x03, 0xFF, 0xFC, 0x00,
  0x0B, 0x40, 0x2E, 0x00,
  0x1E, 0x00, 0x0F, 0x00,
  0x2E, 0x00, 0x00, 0x00,
  0x2D, 0x00, 0x00, 0x00,
  0x2D, 0x00, 0x00, 0x00,
  0x2D, 0x00, 0x00, 0x00,
  0x2D, 0x00, 0x00, 0x00,
  0x2E, 0x00, 0x00, 0x00,
  0x1F, 0x00, 0x0F, 0x00,
  0x0B, 0x80, 0x2E, 0x00,
  0x03, 0xFF, 0xFC, 0x00,
  0x00, 0xBF, 0xE0, 0x00,
  0x00, 0x0C, 0x00, 0x00,
  0x00, 0x1F, 0x80, 0x00,
  0x00, 0x01, 0xD0, 0x00,
  0x00, 0x02, 0xD0, 0x00,
  0x00, 0x7F, 0x40, 0x00
};

GUI_CONST_STORAGE unsigned char acGUI_FontLiberationSans28_00F0[112] = { /* code 00F0, LATIN SMALL LETTER ETH */
  0x00, 0x00, 0x00, 0x00,
  0x00, 0x00, 0x00, 0x00,
  0x00, 0x00, 0x00, 0x00,
  0x00, 0x00, 0x00, 0x00,
  0x07, 0x00, 0x28, 0x00,
  0x03, 0x80, 0x74, 0x00,
  0x01, 0xFF, 0xE0, 0x00,
  0x00, 0x7F, 0x80, 0x00,
  0x00, 0x00, 0x00, 0x00,
  0x01, 0xFF, 0x4B, 0x40,
  0x07, 0xFB, 0xDB, 0x40,
  0x0F, 0x40, 0x7F, 0x40,
  0x1E, 0x00, 0x2F, 0x40,
  0x2D, 0x00, 0x0F, 0x40,
  0x2D, 0x00, 0x0F, 0x40,
  0x3D, 0x00, 0x0B, 0x40,
  0x3D, 0x00, 0x0B, 0x40,
  0x2D, 0x00, 0x0F, 0x40,
  0x2D, 0x00, 0x0F, 0x40,
  0x2E, 0x00, 0x1F, 0x40,
  0x1F, 0x40, 0x7F, 0x40,
  0x0B, 0xFB, 0xDB, 0x40,
  0x01, 0xFE, 0x0B, 0x40,
  0x00, 0x00, 0x0F, 0x40,
  0x05, 0x00, 0x0F, 0x00,
  0x0F, 0x40, 0x2E, 0x00,
  0x07, 0xFA, 0xFC, 0x00,
  0x00, 0xBF, 0xD0, 0x00
};

GUI_CONST_STORAGE unsigned char acGUI_FontLiberationSans28_00F6[112] = { /* code 00F6, LATIN SMALL LETTER O WITH DIAERESIS */
  0x00, 0x00, 0x00, 0x00,
  0x00, 0x00, 0x00, 0x00,
  0x00, 0x00, 0x00, 0x00,
  0x00, 0x00, 0x00, 0x00,
  0x00, 0x00, 0x00, 0x00,
  0x00, 0x00, 0x00, 0x00,
  0x01, 0xE0, 0x74, 0x00,
  0x01, 0xE0, 0x74, 0x00,
  0x00, 0x00, 0x00, 0x00,
  0x00, 0xBF, 0xE0, 0x00,
  0x03, 0xFA, 0xFD, 0x00,
  0x0F, 0x80, 0x1F, 0x00,
  0x1F, 0x00, 0x0B, 0x40,
  0x2E, 0x00, 0x07, 0x80,
  0x2D, 0x00, 0x07, 0x80,
  0x3D, 0x00, 0x07, 0xC0,
  0x3D, 0x00, 0x07, 0xC0,
  0x2D, 0x00, 0x07, 0x80,
  0x2E, 0x00, 0x07, 0x80,
  0x1F, 0x00, 0x0B, 0x40,
  0x0F, 0x80, 0x1F, 0x00,
  0x03, 0xFA, 0xFC, 0x00,
  0x00, 0xBF, 0xE0, 0x00,
  0x00, 0x00, 0x00, 0x00,
  0x00, 0x00, 0x00, 0x00,
  0x00, 0x00, 0x00, 0x00,
  0x00, 0x00, 0x00, 0x00,
  0x00, 0x00, 0x00, 0x00
};

GUI_CONST_STORAGE unsigned char acGUI_FontLiberationSans28_00FC[112] = { /* code 00FC, LATIN SMALL LETTER U WITH DIAERESIS */
  0x00, 0x00, 0x00, 0x00,
  0x00, 0x00, 0x00, 0x00,
  0x00, 0x00, 0x00, 0x00,
  0x00, 0x00, 0x00, 0x00,
  0x00, 0x00, 0x00, 0x00,
  0x00, 0x00, 0x00, 0x00,
  0x01, 0xD0, 0xB4, 0x00,
  0x01, 0xD0, 0xB4, 0x00,
  0x00, 0x00, 0x00, 0x00,
  0x1E, 0x00, 0x0B, 0x40,
  0x1E, 0x00, 0x0B, 0x40,
  0x1E, 0x00, 0x0B, 0x40,
  0x1E, 0x00, 0x0B, 0x40,
  0x1E, 0x00, 0x0B, 0x40,
  0x1E, 0x00, 0x0B, 0x40,
  0x1E, 0x00, 0x0B, 0x40,
  0x1E, 0x00, 0x0B, 0x40,
  0x1E, 0x00, 0x0B, 0x40,
  0x1E, 0x00, 0x0F, 0x40,
  0x0F, 0x00, 0x1F, 0x40,
  0x0F, 0x40, 0x3F, 0x40,
  0x07, 0xFF, 0xDB, 0x40,
  0x01, 0xFF, 0x4B, 0x40,
  0x00, 0x00, 0x00, 0x00,
  0x00, 0x00, 0x00, 0x00,
  0x00, 0x00, 0x00, 0x00,
  0x00, 0x00, 0x00, 0x00,
  0x00, 0x00, 0x00, 0x00
};

GUI_CONST_STORAGE unsigned char acGUI_FontLiberationSans28_00FD[ 56] = { /* code 00FD, LATIN SMALL LETTER Y WITH ACUTE */
  0x00, 0x00,
  0x00, 0x00,
  0x00, 0x00,
  0x00, 0x00,
  0x00, 0x00,
  0x00, 0x00,
  0x00, 0x00,
  0x00, 0x00,
  0x00, 0x00,
  0x0F, 0x00,
  0x0F, 0x00,
  0x0F, 0x00,
  0x0F, 0x00,
  0x0F, 0x00,
  0x0F, 0x00,
  0x0F, 0x00,
  0x0F, 0x00,
  0x0F, 0x00,
  0x0F, 0x00,
  0x0F, 0x00,
  0x0F, 0x00,
  0x0F, 0x00,
  0x0F, 0x00,
  0x00, 0x00,
  0x00, 0x00,
  0x00, 0x00,
  0x00, 0x00,
  0x00, 0x00
};

GUI_CONST_STORAGE unsigned char acGUI_FontLiberationSans28_00FE[112] = { /* code 00FE, LATIN SMALL LETTER THORN */
  0x00, 0x00, 0x00, 0x00,
  0x00, 0x00, 0x00, 0x00,
  0x00, 0x00, 0x00, 0x00,
  0x00, 0x00, 0x00, 0x00,
  0x00, 0x00, 0x00, 0x00,
  0x00, 0x00, 0x00, 0x00,
  0x00, 0x00, 0x00, 0x00,
  0x00, 0x00, 0x00, 0x00,
  0x00, 0x00, 0x00, 0x00,
  0x01, 0xFF, 0xD0, 0x00,
  0x0F, 0xEA, 0xFC, 0x00,
  0x1E, 0x00, 0x2E, 0x00,
  0x2D, 0x00, 0x04, 0x00,
  0x2E, 0x00, 0x00, 0x00,
  0x0F, 0xD0, 0x00, 0x00,
  0x03, 0xFF, 0xD0, 0x00,
  0x00, 0x1F, 0xFC, 0x00,
  0x00, 0x00, 0x7E, 0x00,
  0x00, 0x00, 0x0F, 0x00,
  0x14, 0x00, 0x0F, 0x00,
  0x3D, 0x00, 0x1E, 0x00,
  0x1F, 0xEB, 0xFC, 0x00,
  0x02, 0xFF, 0xD0, 0x00,
  0x00, 0x28, 0x00, 0x00,
  0x00, 0x3F, 0x00, 0x00,
  0x00, 0x03, 0x80, 0x00,
  0x00, 0x07, 0x80, 0x00,
  0x00, 0xBE, 0x00, 0x00
};

GUI_CONST_STORAGE GUI_CHARINFO GUI_FontLiberationSans28_CharInfo[109] = {
   {   7,   7,  2, acGUI_FontLiberationSans28_0020 } /* code 0020 */
  ,{   8,   8,  2, acGUI_FontLiberationSans28_0021 } /* code 0021 */
  ,{   9,   9,  3, acGUI_FontLiberationSans28_0022 } /* code 0022 */
  ,{  14,  14,  4, acGUI_FontLiberationSans28_0023 } /* code 0023 */
  ,{  14,  14,  4, acGUI_FontLiberationSans28_0024 } /* code 0024 */
  ,{  22,  22,  6, acGUI_FontLiberationSans28_0025 } /* code 0025 */
  ,{  17,  17,  5, acGUI_FontLiberationSans28_0026 } /* code 0026 */
  ,{   5,   5,  2, acGUI_FontLiberationSans28_0027 } /* code 0027 */
  ,{   8,   8,  2, acGUI_FontLiberationSans28_0028 } /* code 0028 */
  ,{   8,   8,  2, acGUI_FontLiberationSans28_0029 } /* code 0029 */
  ,{  10,  10,  3, acGUI_FontLiberationSans28_002A } /* code 002A */
  ,{  15,  15,  4, acGUI_FontLiberationSans28_002B } /* code 002B */
  ,{   7,   7,  2, acGUI_FontLiberationSans28_002C } /* code 002C */
  ,{   8,   8,  2, acGUI_FontLiberationSans28_002D } /* code 002D */
  ,{   7,   7,  2, acGUI_FontLiberationSans28_002E } /* code 002E */
  ,{   7,   7,  2, acGUI_FontLiberationSans28_002F } /* code 002F */
  ,{  14,  14,  4, acGUI_FontLiberationSans28_0030 } /* code 0030 */
  ,{  14,  14,  4, acGUI_FontLiberationSans28_0031 } /* code 0031 */
  ,{  14,  14,  4, acGUI_FontLiberationSans28_0032 } /* code 0032 */
  ,{  14,  14,  4, acGUI_FontLiberationSans28_0033 } /* code 0033 */
  ,{  14,  14,  4, acGUI_FontLiberationSans28_0034 } /* code 0034 */
  ,{  14,  14,  4, acGUI_FontLiberationSans28_0035 } /* code 0035 */
  ,{  14,  14,  4, acGUI_FontLiberationSans28_0036 } /* code 0036 */
  ,{  14,  14,  4, acGUI_FontLiberationSans28_0037 } /* code 0037 */
  ,{  14,  14,  4, acGUI_FontLiberationSans28_0038 } /* code 0038 */
  ,{  14,  14,  4, acGUI_FontLiberationSans28_0039 } /* code 0039 */
  ,{   7,   7,  2, acGUI_FontLiberationSans28_003A } /* code 003A */
  ,{   7,   7,  2, acGUI_FontLiberationSans28_003B } /* code 003B */
  ,{  15,  15,  4, acGUI_FontLiberationSans28_003C } /* code 003C */
  ,{  15,  15,  4, acGUI_FontLiberationSans28_003D } /* code 003D */
  ,{  15,  15,  4, acGUI_FontLiberationSans28_003E } /* code 003E */
  ,{  14,  14,  4, acGUI_FontLiberationSans28_003F } /* code 003F */
  ,{  25,  25,  7, acGUI_FontLiberationSans28_0040 } /* code 0040 */
  ,{  17,  17,  5, acGUI_FontLiberationSans28_0041 } /* code 0041 */
  ,{  17,  17,  5, acGUI_FontLiberationSans28_0042 } /* code 0042 */
  ,{  18,  18,  5, acGUI_FontLiberationSans28_0043 } /* code 0043 */
  ,{  18,  18,  5, acGUI_FontLiberationSans28_0044 } /* code 0044 */
  ,{  17,  17,  5, acGUI_FontLiberationSans28_0045 } /* code 0045 */
  ,{  15,  15,  4, acGUI_FontLiberationSans28_0046 } /* code 0046 */
  ,{  19,  19,  5, acGUI_FontLiberationSans28_0047 } /* code 0047 */
  ,{  18,  18,  5, acGUI_FontLiberationSans28_0048 } /* code 0048 */
  ,{   6,   6,  2, acGUI_FontLiberationSans28_0049 } /* code 0049 */
  ,{  13,  13,  4, acGUI_FontLiberationSans28_004A } /* code 004A */
  ,{  17,  17,  5, acGUI_FontLiberationSans28_004B } /* code 004B */
  ,{  14,  14,  4, acGUI_FontLiberationSans28_004C } /* code 004C */
  ,{  21,  21,  6, acGUI_FontLiberationSans28_004D } /* code 004D */
  ,{  18,  18,  5, acGUI_FontLiberationSans28_004E } /* code 004E */
  ,{  19,  19,  5, acGUI_FontLiberationSans28_004F } /* code 004F */
  ,{  17,  17,  5, acGUI_FontLiberationSans28_0050 } /* code 0050 */
  ,{  19,  19,  5, acGUI_FontLiberationSans28_0051 } /* code 0051 */
  ,{  18,  18,  5, acGUI_FontLiberationSans28_0052 } /* code 0052 */
  ,{  17,  17,  5, acGUI_FontLiberationSans28_0053 } /* code 0053 */
  ,{  14,  14,  4, acGUI_FontLiberationSans28_0054 } /* code 0054 */
  ,{  18,  18,  5, acGUI_FontLiberationSans28_0055 } /* code 0055 */
  ,{  17,  17,  5, acGUI_FontLiberationSans28_0056 } /* code 0056 */
  ,{  26,  26,  7, acGUI_FontLiberationSans28_0057 } /* code 0057 */
  ,{  17,  17,  5, acGUI_FontLiberationSans28_0058 } /* code 0058 */
  ,{  16,  16,  4, acGUI_FontLiberationSans28_0059 } /* code 0059 */
  ,{  15,  15,  4, acGUI_FontLiberationSans28_005A } /* code 005A */
  ,{   7,   7,  2, acGUI_FontLiberationSans28_005B } /* code 005B */
  ,{   7,   7,  2, acGUI_FontLiberationSans28_005C } /* code 005C */
  ,{   7,   7,  2, acGUI_FontLiberationSans28_005D } /* code 005D */
  ,{  12,  12,  3, acGUI_FontLiberationSans28_005E } /* code 005E */
  ,{  14,  14,  4, acGUI_FontLiberationSans28_005F } /* code 005F */
  ,{   8,   8,  2, acGUI_FontLiberationSans28_0060 } /* code 0060 */
  ,{  14,  14,  4, acGUI_FontLiberationSans28_0061 } /* code 0061 */
  ,{  14,  14,  4, acGUI_FontLiberationSans28_0062 } /* code 0062 */
  ,{  13,  13,  4, acGUI_FontLiberationSans28_0063 } /* code 0063 */
  ,{  14,  14,  4, acGUI_FontLiberationSans28_0064 } /* code 0064 */
  ,{  14,  14,  4, acGUI_FontLiberationSans28_0065 } /* code 0065 */
  ,{   7,   7,  2, acGUI_FontLiberationSans28_0066 } /* code 0066 */
  ,{  14,  14,  4, acGUI_FontLiberationSans28_0067 } /* code 0067 */
  ,{  14,  14,  4, acGUI_FontLiberationSans28_0068 } /* code 0068 */
  ,{   6,   6,  2, acGUI_FontLiberationSans28_0069 } /* code 0069 */
  ,{   6,   6,  2, acGUI_FontLiberationSans28_006A } /* code 006A */
  ,{  13,  13,  4, acGUI_FontLiberationSans28_006B } /* code 006B */
  ,{   6,   6,  2, acGUI_FontLiberationSans28_006C } /* code 006C */
  ,{  22,  22,  6, acGUI_FontLiberationSans28_006D } /* code 006D */
  ,{  14,  14,  4, acGUI_FontLiberationSans28_006E } /* code 006E */
  ,{  14,  14,  4, acGUI_FontLiberationSans28_006F } /* code 006F */
  ,{  14,  14,  4, acGUI_FontLiberationSans28_0070 } /* code 0070 */
  ,{  14,  14,  4, acGUI_FontLiberationSans28_0071 } /* code 0071 */
  ,{   8,   8,  2, acGUI_FontLiberationSans28_0072 } /* code 0072 */
  ,{  13,  13,  4, acGUI_FontLiberationSans28_0073 } /* code 0073 */
  ,{   7,   7,  2, acGUI_FontLiberationSans28_0074 } /* code 0074 */
  ,{  14,  14,  4, acGUI_FontLiberationSans28_0075 } /* code 0075 */
  ,{  11,  11,  3, acGUI_FontLiberationSans28_0076 } /* code 0076 */
  ,{  19,  19,  5, acGUI_FontLiberationSans28_0077 } /* code 0077 */
  ,{  11,  11,  3, acGUI_FontLiberationSans28_0078 } /* code 0078 */
  ,{  12,  12,  3, acGUI_FontLiberationSans28_0079 } /* code 0079 */
  ,{  12,  12,  3, acGUI_FontLiberationSans28_007A } /* code 007A */
  ,{   8,   8,  2, acGUI_FontLiberationSans28_007B } /* code 007B */
  ,{   6,   6,  2, acGUI_FontLiberationSans28_007C } /* code 007C */
  ,{   8,   8,  2, acGUI_FontLiberationSans28_007D } /* code 007D */
  ,{  15,  15,  4, acGUI_FontLiberationSans28_007E } /* code 007E */
  ,{  19,  19,  5, acGUI_FontLiberationSans28_007F } /* code 007F */
  ,{   3,   3,  1, acGUI_FontLiberationSans28_00C1 } /* code 00C1 */
  ,{  18,  18,  5, acGUI_FontLiberationSans28_00C7 } /* code 00C7 */
  ,{  19,  19,  5, acGUI_FontLiberationSans28_00D0 } /* code 00D0 */
  ,{  19,  19,  5, acGUI_FontLiberationSans28_00D6 } /* code 00D6 */
  ,{  18,  18,  5, acGUI_FontLiberationSans28_00DC } /* code 00DC */
  ,{   6,   6,  2, acGUI_FontLiberationSans28_00DD } /* code 00DD */
  ,{  17,  17,  5, acGUI_FontLiberationSans28_00DE } /* code 00DE */
  ,{  13,  13,  4, acGUI_FontLiberationSans28_00E7 } /* code 00E7 */
  ,{  14,  14,  4, acGUI_FontLiberationSans28_00F0 } /* code 00F0 */
  ,{  14,  14,  4, acGUI_FontLiberationSans28_00F6 } /* code 00F6 */
  ,{  14,  14,  4, acGUI_FontLiberationSans28_00FC } /* code 00FC */
  ,{   6,   6,  2, acGUI_FontLiberationSans28_00FD } /* code 00FD */
  ,{  13,  13,  4, acGUI_FontLiberationSans28_00FE } /* code 00FE */
};

GUI_CONST_STORAGE GUI_FONT_PROP GUI_FontLiberationSans28_Prop10 = {
   0x00FC /* first character */
  ,0x00FE /* last character  */
  ,&GUI_FontLiberationSans28_CharInfo[106] /* address of first character */
  ,(GUI_CONST_STORAGE GUI_FONT_PROP *)0 /* pointer to next GUI_FONT_PROP */
};

GUI_CONST_STORAGE GUI_FONT_PROP GUI_FontLiberationSans28_Prop9 = {
   0x00F6 /* first character */
  ,0x00F6 /* last character  */
  ,&GUI_FontLiberationSans28_CharInfo[105] /* address of first character */
  ,&GUI_FontLiberationSans28_Prop10 /* pointer to next GUI_FONT_PROP */
};

GUI_CONST_STORAGE GUI_FONT_PROP GUI_FontLiberationSans28_Prop8 = {
   0x00F0 /* first character */
  ,0x00F0 /* last character  */
  ,&GUI_FontLiberationSans28_CharInfo[104] /* address of first character */
  ,&GUI_FontLiberationSans28_Prop9 /* pointer to next GUI_FONT_PROP */
};

GUI_CONST_STORAGE GUI_FONT_PROP GUI_FontLiberationSans28_Prop7 = {
   0x00E7 /* first character */
  ,0x00E7 /* last character  */
  ,&GUI_FontLiberationSans28_CharInfo[103] /* address of first character */
  ,&GUI_FontLiberationSans28_Prop8 /* pointer to next GUI_FONT_PROP */
};

GUI_CONST_STORAGE GUI_FONT_PROP GUI_FontLiberationSans28_Prop6 = {
   0x00DC /* first character */
  ,0x00DE /* last character  */
  ,&GUI_FontLiberationSans28_CharInfo[100] /* address of first character */
  ,&GUI_FontLiberationSans28_Prop7 /* pointer to next GUI_FONT_PROP */
};

GUI_CONST_STORAGE GUI_FONT_PROP GUI_FontLiberationSans28_Prop5 = {
   0x00D6 /* first character */
  ,0x00D6 /* last character  */
  ,&GUI_FontLiberationSans28_CharInfo[ 99] /* address of first character */
  ,&GUI_FontLiberationSans28_Prop6 /* pointer to next GUI_FONT_PROP */
};

GUI_CONST_STORAGE GUI_FONT_PROP GUI_FontLiberationSans28_Prop4 = {
   0x00D0 /* first character */
  ,0x00D0 /* last character  */
  ,&GUI_FontLiberationSans28_CharInfo[ 98] /* address of first character */
  ,&GUI_FontLiberationSans28_Prop5 /* pointer to next GUI_FONT_PROP */
};

GUI_CONST_STORAGE GUI_FONT_PROP GUI_FontLiberationSans28_Prop3 = {
   0x00C7 /* first character */
  ,0x00C7 /* last character  */
  ,&GUI_FontLiberationSans28_CharInfo[ 97] /* address of first character */
  ,&GUI_FontLiberationSans28_Prop4 /* pointer to next GUI_FONT_PROP */
};

GUI_CONST_STORAGE GUI_FONT_PROP GUI_FontLiberationSans28_Prop2 = {
   0x00C1 /* first character */
  ,0x00C1 /* last character  */
  ,&GUI_FontLiberationSans28_CharInfo[ 96] /* address of first character */
  ,&GUI_FontLiberationSans28_Prop3 /* pointer to next GUI_FONT_PROP */
};

GUI_CONST_STORAGE GUI_FONT_PROP GUI_FontLiberationSans28_Prop1 = {
   0x0020 /* first character */
  ,0x007F /* last character  */
  ,&GUI_FontLiberationSans28_CharInfo[  0] /* address of first character */
  ,&GUI_FontLiberationSans28_Prop2 /* pointer to next GUI_FONT_PROP */
};

GUI_CONST_STORAGE GUI_FONT GUI_FontLiberationSans28 = {
   GUI_FONTTYPE_PROP_AA2 /* type of font    */
  ,28 /* height of font  */
  ,28 /* space of font y */
  ,1 /* magnification x */
  ,1 /* magnification y */
  ,{&GUI_FontLiberationSans28_Prop1}
  ,23 /* Baseline */
  ,14 /* Height of lowercase characters */
  ,17 /* Height of capital characters */
};

